# MInDS-14 (PolyAI, CC BY 4.0, https://huggingface.co/datasets/PolyAI/minds14): es-ES and pt-PT transcriptions of real people calling an e-banking line.
# label: 'dataset' rows take the human-assigned intent (none of those intents is a charge dispute); 'criterion' rows (latest_transactions, direct_debit, freeze) were read one by one: DISPUTE = reports a specific payment/charge/debit the caller does not recognise, did not authorise or that was not delivered; UNSURE = garbled, self-contradictory or 'return a direct debit' with no reason (excluded); else NOT_DISPUTE. See ml/external/README.md.
row	id	locale	lang	intent	label	label_source	text	english
0	60266571dc3604f481bcb50a	es-ES	es	app_error	NOT_DISPUTE	dataset	hola buenas a ver tengo un problema con vuestra aplicación resulta que quiero hacer una transferencia bancaria a una cuenta conocida	hello good to see I have a problem with your application it turns out that I want to make a bank transfer to a known account
1	6026655bdc3604f481bcb4fa	es-ES	es	app_error	NOT_DISPUTE	dataset	la aplicación no cargue el saldo de mi nueva cuenta	the application does not load the balance of my new account
2	6026655cdc3604f481bcb4fb	es-ES	es	app_error	NOT_DISPUTE	dataset	hola tengo un problema con la aplicación no carga y tampoco voy a quitar Gael saldo de mi cuenta nueva dice que la aplicación está siendo reparada y ahora no puedo acceder a mi cuenta necesito inmediatamente	hello I have a problem with the application does not load and I will not remove Gael balance from my new account says that the application is being repaired and now I can not access my account I need immediately
3	602660c0c7abb7f832138160	es-ES	es	app_error	NOT_DISPUTE	dataset	hola buena la aplicación no se carga el saldo de mi cuenta nueva y sí que la voy a decir está siendo reparado y yo no puedo acceder a mi cuenta	hello good the application does not load the balance of my new account and yes I am going to say it is being repaired and I can not access my account
4	60266199c7abb7f83213819f	es-ES	es	app_error	NOT_DISPUTE	dataset	bueno pues resulta que la aplicación no se actualiza cuando cuando he introducido saldo de la nueva cuenta y me dice que ahora mismo no está disponible que no puedo acceder a mi cuenta	Well, it turns out that the application is not updated when when I have entered the balance of the new account and it tells me that right now it is not available that I cannot access my account
5	60266095dc3604f481bcb341	es-ES	es	app_error	NOT_DISPUTE	dataset	hola buenos días verás es que no puedo acceder a mi cuenta la aplicación no funciona bien no sé qué pasa que intento meterme en mi saldo y demás pero no no carga no funciona	hello good morning you will see is that I can not access my account the application does not work well I do not know what happens I try to enter my balance and others but no it does not load it does not work
6	6026623fc7abb7f8321381e0	es-ES	es	app_error	NOT_DISPUTE	dataset	hola tengo problema con la aplicación	hello I have a problem with the application
7	6026637ec7abb7f8321382a1	es-ES	es	app_error	NOT_DISPUTE	dataset	hola buenos días quería informar porque no me funciona la app del banco si dice que no me carga si vale vale muchas gracias	Hello, good morning, I wanted to inform you because the bank app does not work for me if it says that it does not charge me if it is worth it, thank you very much
8	602661f2c7abb7f8321381c2	es-ES	es	app_error	NOT_DISPUTE	dataset	intentando acceder a la aplicación de cargar correctamente	trying to access the application to load correctly
9	602663acc7abb7f8321382c7	es-ES	es	app_error	NOT_DISPUTE	dataset	tengo un problema cuando entra en la aplicación no puedo ver los últimos movimientos de mi cuenta	I have a problem when I enter the application I cannot see the last movements of my account
10	60265dd5dc3604f481bcb317	es-ES	es	app_error	NOT_DISPUTE	dataset	hola estoy utilizando la aplicación del banco y no funciona más que le doy no carga ni muestra el saldo ni cuenta me dejas teléfono tracción cómo podría solucionarlo	Hi, I'm using the bank application and it doesn't work any more than I give it, it doesn't load or show the balance or account, you leave me phone traction how could I solve it
11	6026636ccfa37e1cf217af7c	es-ES	es	app_error	NOT_DISPUTE	dataset	buenos días estoy teniendo problemas para acceder a la aplicación de mi cuenta bancaria la aplicación no carga me podrían indicar alguna solución	Good morning I am having problems accessing the application from my bank account, the application does not load, could you tell me a solution
12	6026604ac7abb7f832138152	es-ES	es	app_error	NOT_DISPUTE	dataset	dice que la aplicación está siendo reparada y ahora no puedo acceder a mi cuenta	it says the app is being repaired and now I can't access my account
13	602664c8dc3604f481bcb47a	es-ES	es	app_error	NOT_DISPUTE	dataset	la aplicación móvil del banco no funciona correctamente	the bank's mobile app is not working properly
14	602664ffc7abb7f832138338	es-ES	es	app_error	NOT_DISPUTE	dataset	intentó abrir la aplicación pero se cierra automáticamente	tried to open the app but it closes automatically
15	6026647edc3604f481bcb43b	es-ES	es	app_error	NOT_DISPUTE	dataset	mira tengo una aplicación instalada en mi móvil y te intentan hacer el saldo de mi cuenta en pero la aplicación no me funciona correctamente no se carga ningún momento	Look, I have an application installed on my mobile and they try to make the balance of my account in but the application does not work correctly, it does not load any time
16	6026655bc7abb7f832138371	es-ES	es	app_error	NOT_DISPUTE	dataset	hola buenas quiero utilizar la aplicación del banco pero no consigo que funcione en condiciones no sé si es que está en mantenimiento o tengo algún problema yo me podrías ayudar	hello good I want to use the bank application but I can't get it to work properly I don't know if it's undergoing maintenance or I have a problem, could you help me
17	60265dcbdc3604f481bcb316	es-ES	es	app_error	NOT_DISPUTE	dataset	tengo un problema con la aplicación del móvil	I have a problem with the mobile application
18	60266139dc3604f481bcb352	es-ES	es	app_error	NOT_DISPUTE	dataset	estoy tratando de acceder a mi cuenta de banco y la aplicación no está cargando correctamente no me enseñan no me está enseñando la información que necesito	I am trying to access my bank account and the application is not loading correctly they do not teach me it is not teaching me the information I need
19	60266206dc3604f481bcb380	es-ES	es	app_error	NOT_DISPUTE	dataset	hola enciende la aplicación y me da error no sé que puede pasar	Hello, turn on the application and it gives me an error, I do not know what can happen
20	60266491dc3604f481bcb449	es-ES	es	app_error	NOT_DISPUTE	dataset	buenos días quería mirar cuánto tenía en el banco con la aplicación del móvil y no me funciona pero sabe si está bloqueada o algo	Good morning I wanted to see how much I had in the bank with the mobile application and it does not work for me but you know if it is blocked or something
21	6026664fcfa37e1cf217afbb	es-ES	es	freeze	NOT_DISPUTE	criterion	hola buenos días soy cliente del banco y les llamo por favor para que bloqueen mi tarjeta	Hello, good morning, I am a bank customer and I will call you please to block my card
22	602664e4dc3604f481bcb498	es-ES	es	freeze	NOT_DISPUTE	criterion	hola buenos días mira llamaba porque quería hacer un bloqueo de mi tarjeta congelar todos los movimientos hasta nueva orden es posible	Hello, good morning, look, I was calling because I wanted to block my card, freeze all movements until a new order is possible.
23	60266240c7abb7f8321381e1	es-ES	es	freeze	NOT_DISPUTE	criterion	por favor quiero bloquear mi tarjeta	please i want to block my card
24	602666acc7abb7f8321384fe	es-ES	es	freeze	DISPUTE	criterion	hola buenos días me gustaría congelar mi tarjeta ya que últimamente he estado que han estado realizando unos pagos en mi nombre que no son míos	hello good morning I would like to freeze my card since lately I have been making some payments on my behalf that are not mine
25	602666e9c7abb7f832138553	es-ES	es	freeze	NOT_DISPUTE	criterion	hola quería bloquear una tarjeta de crédito por favor	hello I wanted to block a credit card please
26	60266656c7abb7f832138485	es-ES	es	freeze	NOT_DISPUTE	criterion	hola quería congelar mi tarjeta bloquearla por completo por favor	hello I wanted to freeze my card completely block it please
27	602666c4c7abb7f83213851a	es-ES	es	freeze	NOT_DISPUTE	criterion	quiero congelar mi tarjeta bancaria	I want to freeze my bank card
28	602665bbdc3604f481bcb53c	es-ES	es	freeze	NOT_DISPUTE	criterion	necesito bloquear mi tarjeta	I need to block my card
29	602666f9c7abb7f832138565	es-ES	es	freeze	NOT_DISPUTE	criterion	necesito que me bloqueen mi tarjeta	I need my card blocked
30	60266653c7abb7f832138481	es-ES	es	freeze	NOT_DISPUTE	criterion	hola me gustaría tener todas las transiciones en mi tarjeta y quisiera congelarla y bloquearla	hello i would like to have all the transitions on my card and i would like to freeze and lock it
31	602666b2dc3604f481bcb591	es-ES	es	freeze	NOT_DISPUTE	criterion	necesito que tener todas las transacciones de mi tarjeta dejarla bloqueada	I need to have all my card transactions leave it blocked
32	60266570c7abb7f832138381	es-ES	es	freeze	NOT_DISPUTE	criterion	hola buenos días es que me gustaría cancelar la tarjeta terminada en 47 porque es que me acaban de robar pero quiero darla de baja quiero cancelarlo ahora mismo gracias	Hello, good morning, I would like to cancel the card ending in 47 because it was just stolen but I want to cancel it, I want to cancel it right now, thank you
33	602666dacfa37e1cf217afd3	es-ES	es	freeze	NOT_DISPUTE	criterion	buenos días he perdido la cartera y que me gustará congelar mi tarjeta por favor	good morning I lost my wallet and I would like to freeze my card please
34	602665e8c7abb7f832138400	es-ES	es	freeze	NOT_DISPUTE	criterion	quería bloquear mi tarjeta por favor	I wanted to block my card please
35	602665c7c7abb7f8321383d2	es-ES	es	freeze	NOT_DISPUTE	criterion	hola buenos días me han robado la tarjeta y quisiera congelarla para que no la puedan utilizar hasta gracias	Hello, good morning, my card has been stolen and I would like to freeze it so that you cannot use it until thank you
36	6026666adc3604f481bcb57c	es-ES	es	freeze	NOT_DISPUTE	criterion	he tenido un problema con mi tarjeta no la encuentro y quiero bloquear todas las transacciones	I have had a problem with my card, I cannot find it and I want to block all transactions
37	60266454dc3604f481bcb41c	es-ES	es	freeze	NOT_DISPUTE	criterion	hola buenas he perdido mi tarjeta de crédito me gustaría si pudierais por favor congelarla para que se vengan todas las transacciones gracias	hello good I have lost my credit card I would like if you could please freeze it so that all transactions can come thanks
38	602666fac421a821df7c177b	es-ES	es	freeze	NOT_DISPUTE	criterion	hola buenos días por favor quería congelar mi tarjeta lo más rápido posible la he perdido y necesito detener todas las transacciones y bloquearla cuanto antes muchas gracias	hello good morning please I wanted to freeze my card as quickly as possible I have lost it and I need to stop all transactions and block it as soon as possible thank you very much
39	602666d5c7abb7f832138533	es-ES	es	freeze	NOT_DISPUTE	criterion	buenos días mire lo siento comunicarles pero acabo de perder la tarjeta de vuestra compañía y quiero bloquear lado de tenerla lo antes posible por favor para que no haga nadie uso de ella por favor hacérmelo a la mayor brevedad posible muchas gracias	Good morning look, I'm sorry to let you know but I just lost your company card and I want to block the side of having it as soon as possible please so that no one makes use of it, please do so as soon as possible, thank you very much
40	60266711c7abb7f832138588	es-ES	es	freeze	NOT_DISPUTE	criterion	hola buenos días mira te ha llamado porque tenía un problema y me han robado la cartera y me gustaría bloquear todas mis tarjetas	Hello, good morning, look, he called you because he had a problem and my wallet was stolen and I would like to block all my cards
41	602665e7c7abb7f8321383ff	es-ES	es	freeze	NOT_DISPUTE	criterion	hola buenas llamaba para preguntar si por cómo puedo congelar mi tarjeta porque la quiero bloquear he perdido la tarjeta y así sea alguna otra manera de tener todas las transacciones que se hayan hecho con mi tarjeta	Hello, good, I was calling to ask if how can I freeze my card because I want to block it, I have lost the card and so is some other way to have all the transactions that have been made with my card
42	6026613ac7abb7f832138182	es-ES	es	freeze	NOT_DISPUTE	criterion	buenas he perdido mi tarjeta de crédito y me gustaría bloquear la tarjeta por favor	good I lost my credit card and I would like to block the card please
43	60266646c7abb7f83213846e	es-ES	es	freeze	NOT_DISPUTE	criterion	hola buenas pues resulta llamada porque resulta que he perdido mi tarjeta me gustaría congelarla por favor	hello good because it is called because it turns out that I have lost my card I would like to freeze it please
44	602665cac7abb7f8321383db	es-ES	es	freeze	NOT_DISPUTE	criterion	perdí mi tarjeta entonces necesito bloquearla para poder detener corazón sesiones en mi tarjeta cómo puedo hacer eso	i lost my card so i need to lock it so i can stop heart sessions on my card how can i do that
45	602666d2cfa37e1cf217afd0	es-ES	es	freeze	NOT_DISPUTE	criterion	hola buenos días nada yo me voy porque tuve un problema con mi tarjeta y que la extravié y quería bloquear totalmente las transacciones que se pueden realizar con esta	Hello, good morning, nothing, I'm leaving because I had a problem with my card and I lost it and I wanted to completely block the transactions that can be made with it.
46	6026634ac7abb7f83213827c	es-ES	es	freeze	NOT_DISPUTE	criterion	quería que pudieran caer congelar mi tarjeta a ser posible bastante pronto porque he perdido la cartera y tenía toda mi tenía mi tarjeta quiero congelarlas para que no puedan usarla para sacar dinero	I wanted them to freeze my card if possible fairly soon because I lost my wallet and I had all my card I want to freeze them so they cannot use it to withdraw money
47	602666efc7abb7f83213855b	es-ES	es	freeze	NOT_DISPUTE	criterion	quiero que se bloqueé en mi tarjeta de crédito por algún problema	I want my credit card to be blocked due to some problem
48	602661cac421a821df7c16f5	es-ES	es	freeze	NOT_DISPUTE	criterion	quiero detener todas las transacciones en mi tarjeta	I want to stop all transactions on my card
49	6026676cc7abb7f8321385dc	es-ES	es	freeze	NOT_DISPUTE	criterion	buenas llamado para preguntar porque me van a coger la tarjeta cuando realmente no ha habido ningún motivo porque siempre todo se ha realizado de forma correcta todo está en orden entonces me gustaría que me respondieran a porque ya no puedo trabajar con la tarjeta	Good call to ask why they are going to take my card when there really has been no reason because everything has always been done correctly everything is in order so I would like them to answer me because I can no longer work with the card
50	602663dedc3604f481bcb3d7	es-ES	es	freeze	NOT_DISPUTE	criterion	hola buenos días llamaba porque quiero bloquear mi tarjeta ya que no quiero volver a usar muchas gracias	Hello, good morning, I was calling because I want to block my card since I don't want to use it again, thank you very much
51	6026625ec7abb7f8321381ef	es-ES	es	freeze	NOT_DISPUTE	criterion	hola buenos días a ver me gustaría bloquear mi tarjeta para no poder hacer más transacciones	Hello, good morning, let's see, I would like to block my card so I cannot make more transactions
52	602664e3dc3604f481bcb497	es-ES	es	freeze	NOT_DISPUTE	criterion	Avast bloquea mi tarjeta inmediatamente yo de tener todas las transiciones de mi tarjeta y congelarla	Avast blocks my card immediately if I have all the transitions of my card and freeze it
53	6026670bc7abb7f83213857e	es-ES	es	freeze	NOT_DISPUTE	criterion	hola me gustaría bloquear mi tarjeta de crédito dado que la ha extraviado será posible dado que necesito detener todas las transacciones ya sean ingresos o transferencias o compras muchas gracias	Hello I would like to block my credit card since it has lost it, it will be possible since I need to stop all transactions, whether they are income or transfers or purchases, thank you very much
54	60266663c7abb7f832138496	es-ES	es	freeze	NOT_DISPUTE	criterion	detener todas las sangres en mi tarjeta de vida robo de la misma	stop all the bloods on my life card stealing it
55	602666dfc7abb7f832138542	es-ES	es	freeze	NOT_DISPUTE	criterion	mira acabo de perder mi tarjeta en la calle y quiero congelar para que no curres mucho	Look, I just lost my card on the street and I want to freeze so you don't do much work
56	602669dfdc3604f481bcb5cf	es-ES	es	freeze	NOT_DISPUTE	criterion	por favor bloquea mi tarjeta	please block my card
57	602666a3c7abb7f8321384f5	es-ES	es	freeze	NOT_DISPUTE	criterion	tarjeta me bloquea favor por tarjeta me congelar tarjeta las	card block me please by card freeze me card
58	6026663dc7abb7f832138462	es-ES	es	freeze	NOT_DISPUTE	criterion	hola buenos días mira es que he perdido mi tarjeta y no sé dónde está y me gustaría bloquearla para que no se efectuarán pagos muchas gracias	Hello, good morning, look, I have lost my card and I don't know where it is and I would like to block it so that no payments will be made, thank you very much
59	602666b8c7abb7f83213850f	es-ES	es	pay_bill	NOT_DISPUTE	dataset	tengo que hacer una factura tengo que pagar una factura lo voy a hacer pagando con mi banco directamente	I have to make an invoice I have to pay an invoice I will do it by paying with my bank directly
60	60266735c7abb7f8321385b3	es-ES	es	pay_bill	NOT_DISPUTE	dataset	tengo que realizar el pago de la factura	I have to pay the bill
61	60266171c7abb7f832138193	es-ES	es	pay_bill	NOT_DISPUTE	dataset	tengo que pagar una factura de un pago la factura de mi tarjeta de crédito pensé	I have to pay a bill for a payment my credit card bill I thought
62	6026680ac421a821df7c178f	es-ES	es	pay_bill	NOT_DISPUTE	dataset	tengo que pagar una factura	I have to pay a bill
63	602666a6c7abb7f8321384f8	es-ES	es	pay_bill	NOT_DISPUTE	dataset	hola mira llamo quiero hacer un pago la factura está mente	Hi, look, I'm calling, I want to make a payment, the bill is in mind.
64	602666acdc3604f481bcb58d	es-ES	es	pay_bill	NOT_DISPUTE	dataset	hola buenos días mira es que tengo que pagar una factura y me gustaría saber cómo poder hacerlo gracias	hello good morning look is that I have to pay a bill and I would like to know how to do it thanks
65	60266207c7abb7f8321381ce	es-ES	es	pay_bill	NOT_DISPUTE	dataset	hola necesito pagar una factura pero no sé cómo realizar el pago me puede decir en qué parte de la aplicación puedo ir para pagar la factura pendiente	hello I need to pay an invoice but I don't know how to make the payment can you tell me where in the application I can go to pay the pending invoice
66	602666e1dc3604f481bcb5a4	es-ES	es	pay_bill	NOT_DISPUTE	dataset	hola buenos días tengo una factura pendiente de pagar y me gustaría realizar el pago como podrían ayudarme gracias	Hello, good morning, I have an invoice pending payment and I would like to make the payment, how could you help me?
67	60266385c7abb7f8321382a9	es-ES	es	pay_bill	NOT_DISPUTE	dataset	hola tengo una factura que debo pagar ya cuanto antes he intentado ya varias veces poder pagarlo con mi tarjeta	Hello, I have an invoice that I have to pay as soon as possible I have already tried several times to pay it with my card
68	602666b3c7abb7f832138507	es-ES	es	pay_bill	NOT_DISPUTE	dataset	hola buenos días tengo una factura por pagar	hello good morning I have a bill to pay
69	602662aac7abb7f83213821e	es-ES	es	pay_bill	NOT_DISPUTE	dataset	buenos días bueno resulta que tengo un problema y es que tengo que pagar una factura	good morning well it turns out that I have a problem and that is that I have to pay a bill
70	6026675dc7abb7f8321385d1	es-ES	es	pay_bill	NOT_DISPUTE	dataset	necesito pagar la factura de la luz	I need to pay the electricity bill
71	6026669bc7abb7f8321384ea	es-ES	es	pay_bill	NOT_DISPUTE	dataset	buenas quieres avisar el pago de la factura por favor	Well do you want to notify the payment of the bill please
72	60266546cfa37e1cf217af9c	es-ES	es	pay_bill	NOT_DISPUTE	dataset	tengo que pagar esta factura	I have to pay this bill
73	602666e5dc3604f481bcb5a6	es-ES	es	pay_bill	NOT_DISPUTE	dataset	tengo que pagar una factura y me gustaría saber cómo hacerlo	I have to pay a bill and I would like to know how to do it
74	60265fa1dc3604f481bcb326	es-ES	es	pay_bill	NOT_DISPUTE	dataset	tengo que pagar una factura la factura de mi tarjeta de crédito vence	I have to pay a bill my credit card bill is due
75	6026626ec421a821df7c1708	es-ES	es	pay_bill	NOT_DISPUTE	dataset	quiero saber el importe de la factura que tengo que pagar	I want to know the amount of the invoice that I have to pay
76	6026626ec421a821df7c1709	es-ES	es	pay_bill	NOT_DISPUTE	dataset	quiero realizar un pago de factura	I want to make an invoice payment
77	602665a7c7abb7f8321383b5	es-ES	es	pay_bill	NOT_DISPUTE	dataset	hola tengo que pagar una factura me gustará realizar un pago la factura de mi tarjeta de crédito vence	hello I have to pay a bill I would like to make a payment my credit card bill is due
78	6026636dcfa37e1cf217af7d	es-ES	es	pay_bill	NOT_DISPUTE	dataset	hola buenas tengo esta factura que tengo que pagar cómo lo hacemos	hello good I have this bill that I have to pay how we do it
79	60266711c7abb7f832138587	es-ES	es	pay_bill	NOT_DISPUTE	dataset	tengo que pagar una factura	I have to pay a bill
80	602663cfdc3604f481bcb3c8	es-ES	es	pay_bill	NOT_DISPUTE	dataset	buenos días llamaba para realizar el pago	good morning I was calling to make the payment
81	60266235c7abb7f8321381dc	es-ES	es	pay_bill	NOT_DISPUTE	dataset	hola quería pagar una factura de mis gastos	hello I wanted to pay a bill for my expenses
82	602663fbc7abb7f8321382ea	es-ES	es	pay_bill	NOT_DISPUTE	dataset	me gustaría pagar esta factura con mi tarjeta si es posible aquí tengo los datos de la factura y me gustaría realizar este pago	I would like to pay this invoice with my card, if possible here I have the invoice data and I would like to make this payment
83	60266310c7abb7f832138253	es-ES	es	pay_bill	NOT_DISPUTE	dataset	hola tengo que pagar una factura y me gustaría saber	hi i have to pay a bill and i would like to know
84	60266500c7abb7f83213833a	es-ES	es	pay_bill	NOT_DISPUTE	dataset	quisiera realizar el pago de una factura	I would like to pay an invoice
85	60266693c7abb7f8321384df	es-ES	es	pay_bill	NOT_DISPUTE	dataset	tengo que pagar la factura del gas	I have to pay the gas bill
86	602674eddc3604f481bcb60d	es-ES	es	pay_bill	NOT_DISPUTE	dataset	tengo que pagar una factura	I have to pay a bill
87	602665e0dc3604f481bcb549	es-ES	es	pay_bill	NOT_DISPUTE	dataset	hola buenos días mira tengo que pagar una factura y quería saber si podría hacerlo con la tarjeta o cómo podría realizar el pago si hay alguna opción más sencilla y no se quita un comprobante de la operación	Hello, good morning, look, I have to pay an invoice and I wanted to know if I could do it with the card or how I could make the payment if there is an easier option and a receipt of the operation is not removed
88	60266047dc3604f481bcb333	es-ES	es	pay_bill	NOT_DISPUTE	dataset	tengo que pagar una factura realizar un pago la factura de mi tarjeta de crédito vence	I have to pay a bill make a payment my credit card bill is due
89	60266768c7abb7f8321385d9	es-ES	es	pay_bill	NOT_DISPUTE	dataset	quería preguntar sobre cómo se puede pagar una factura	I wanted to ask about how you can pay a bill
90	60266666c7abb7f83213849b	es-ES	es	pay_bill	NOT_DISPUTE	dataset	tengo que pagar una factura tarjeta de crédito gracias	I have to pay a credit card bill thanks
91	60265fb1c421a821df7c16d5	es-ES	es	pay_bill	NOT_DISPUTE	dataset	hola buenos días quiero pagar una factura tengo que realizar el pago correspondiente a una factura que tengo pendiente por favor	hello good morning I want to pay an invoice I have to make the payment corresponding to an invoice that I have pending please
92	602662e6dc3604f481bcb399	es-ES	es	abroad	NOT_DISPUTE	dataset	hola buenas me voy de vacaciones a Estados Unidos y me gustaría saber qué tengo que hacer para pagar cuando esté allí	hello good, I'm going on vacation to the United States and I would like to know what I have to do to pay when I'm there
93	60265fc7dc3604f481bcb329	es-ES	es	abroad	NOT_DISPUTE	dataset	hola buenas quería saber si mi tarjeta del banco funciona en el extranjero también	hello good I wanted to know if my bank card works abroad too
94	60266095dc3604f481bcb342	es-ES	es	abroad	NOT_DISPUTE	dataset	necesito mi tarjeta en extranjero puedo pagar cosas cuando estoy en Estados Unidos	I need my card abroad, can I pay for things when I'm in the United States
95	60265fe0dc3604f481bcb32c	es-ES	es	abroad	NOT_DISPUTE	dataset	hola quería saber si podía pagar con mi tarjeta en el extranjero puedo usarla	Hello, I wanted to know if I could pay with my card abroad, can I use it?
96	60265ddec7abb7f83213813c	es-ES	es	abroad	NOT_DISPUTE	dataset	hola buenos días mira me voy a ir un par de semanas ahora de vacaciones a Nueva York y necesitaba saber si la tarjeta que tengo actualmente voy a poder utilizarla allí en el en el extranjero que no estoy seguro muchas gracias	Hello, good morning, look, I'm going to go on vacation to New York for a couple of weeks now and I needed to know if the card I currently have will I be able to use it there abroad, I'm not sure, thank you
97	60266486dc3604f481bcb443	es-ES	es	abroad	NOT_DISPUTE	dataset	a ver me gustaría saber si mi tarjeta funciona la del extranjero la semana que viene	Let's see, I would like to know if my foreign card works next week
98	6026613cdc3604f481bcb354	es-ES	es	abroad	NOT_DISPUTE	dataset	una persona que quiere una tarjeta y pregunta si puede pagar las cosas cuando está en otro país y por si tiene que hacer algo antes de irse de vacaciones	a person who wants a card and asks if they can pay for things when they are in another country and if they have to do something before going on vacation
99	60265d77dc3604f481bcb305	es-ES	es	abroad	NOT_DISPUTE	dataset	buenas tengo una tarjeta de crédito con su banco y me gustaría saber que funcionar el extranjero porque me voy de vacaciones semana que viene gracias	good I have a credit card with your bank and I would like to know what works abroad because I am going on vacation next week thanks
100	6026643ddc3604f481bcb40c	es-ES	es	abroad	NOT_DISPUTE	dataset	hola buenas tardes quiero saber las condiciones de la tarjeta en el extranjero por ejemplo en estos	Hello, good afternoon, I want to know the conditions of the card abroad, for example in these
101	60266368c7abb7f83213828f	es-ES	es	abroad	NOT_DISPUTE	dataset	hola buenas tardes necesitaba saber si necesito hacer algún cambio en mi tarjeta para usarla en el extranjero porque voy a viajar a los Estados Unidos próximamente y si tengo que hacer alguna gestión para que activarla gracias	Hello, good afternoon, I need to know if I need to make any changes to my card to use it abroad because I am going to travel to the United States soon and if I have to do anything to activate it, thank you
102	60265d10c7abb7f832138128	es-ES	es	abroad	NOT_DISPUTE	dataset	funcionará la tarjeta que ya tengo en el extranjero	the card I already have abroad will work
103	60265daddc3604f481bcb310	es-ES	es	abroad	NOT_DISPUTE	dataset	hola buenos días a ver el motivo de mi llamada era para preguntar si es posible usar mi tarjeta en el extranjero y si es posible si tiene algún tipo de corte de comisión etcétera	hello good morning to see the reason for my call was to ask if it is possible to use my card abroad and if possible if it has some kind of commission cut and so on
104	6026641ddc3604f481bcb3f8	es-ES	es	abroad	NOT_DISPUTE	dataset	hola buenas quería saber si podía utilizar mi tarjeta de débito del Banco en el extranjero	hello good I wanted to know if I could use my debit card from the Bank abroad
105	602661f3c7abb7f8321381c4	es-ES	es	abroad	NOT_DISPUTE	dataset	hola buenos días me gustaría saber si mi tarjeta es operativa en otros países que no sea España porque es que voy a ir de vacaciones a Estados Unidos y tengo que hacer algún procedimiento o algo para poder estar allí	hello good morning I would like to know if my card is operative in other countries than Spain because I am going to go on vacation to the United States and I have to do some procedure or something to be there
106	6026619adc3604f481bcb36d	es-ES	es	abroad	NOT_DISPUTE	dataset	hola quería saber si es que con mi tarjeta que tengo del banco la puedo usar en el extranjero	Hello I wanted to know if it is that with my card that I have from the bank I can use it abroad
107	602662b6cfa37e1cf217af6e	es-ES	es	abroad	NOT_DISPUTE	dataset	hola buenos días me voy de vacaciones el próximo mes una semana ser extranjero y me gustaría saber si podría sacar dinero con mi tarjeta de crédito	hello good morning I'm going on vacation next month one week being a foreigner and I would like to know if I could get money with my credit card
108	602661f0c421a821df7c16f8	es-ES	es	abroad	NOT_DISPUTE	dataset	en la próxima semana tengo pensado hacer un viaje a Estados Unidos por temas de trabajo y necesito quitar de aquí 4 días y mi tarjeta SIM y tarjeta de banco van a servir allí aquí en casa cuando contrario que trámite pertinente vocalizar para poder usar allí el dinero	In the next week I plan to make a trip to the United States for work issues and I need to take 4 days off from here and my SIM card and bank card will be used there here at home when contrary to the pertinent procedure, vocalize to be able to use the money there
109	60266157dc3604f481bcb359	es-ES	es	abroad	NOT_DISPUTE	dataset	me iba de viaje a Estados Unidos en Albacete	I was going on a trip to the United States in Albacete
110	6026641adc3604f481bcb3f7	es-ES	es	abroad	NOT_DISPUTE	dataset	hola buenos días verás si cliente de vuestro banco y quería saber si mi tarjeta funciona en el extranjero en Europa voy a ir hacer unas vacaciones dentro de poco y es importante saberlo gracias	Hello, good morning, will you see if a client of your bank and I wanted to know if my card works abroad in Europe I am going to take a vacation shortly and it is important to know, thank you
111	602663b2c7abb7f8321382c8	es-ES	es	abroad	NOT_DISPUTE	dataset	hola buenos días llamaba porque me voy a ir de viaje al extranjero y ya estar varias semanas y quería saber si podía utilizar mi tarjeta os tengo que hacer a un chico de gestión para poder utilizarla en el extranjero	Hello, good morning, I was calling because I'm going to go on a trip abroad and I'll be there for several weeks now and I wanted to know if I could use my card.
112	60266315c7abb7f832138256	es-ES	es	abroad	NOT_DISPUTE	dataset	voy a realizar un viaje al extranjero y me gustaría saber si puedo usar allí mi tarjeta de crédito	I am going abroad and I would like to know if I can use my credit card there
113	60266043dc3604f481bcb332	es-ES	es	abroad	NOT_DISPUTE	dataset	hola buenos buenos días mira quería saber si mi tarjeta si podría utilizar la tarjeta de mi banco para pagos en el extranjero sí sin que me cobren comisiones ni nada por el estilo	Hello, good morning, look, I wanted to know if my card could use my bank card for payments abroad, yes, without being charged commissions or anything like that
114	60266182dc3604f481bcb368	es-ES	es	abroad	NOT_DISPUTE	dataset	buenos días en las próximas semanas voy a estar viajando en el extranjero y quisiera saber si mi tarjeta va a funcionar ahí o si necesito hacer algún paso más para que no me bloquean la tarjeta cuando estés de vacaciones	Good morning in the next few weeks I will be traveling abroad and I would like to know if my card will work there or if I need to do any more steps so that they do not block my card when you are on vacation
115	60265fdac7abb7f832138148	es-ES	es	abroad	NOT_DISPUTE	dataset	necesito mi tarjeta en el extranjero puedo pagar cosa cuando estoy en Estados Unidos	I need my card abroad I can pay something when I am in the United States
116	602664f4dc3604f481bcb4a4	es-ES	es	abroad	NOT_DISPUTE	dataset	hola buenas mira llamaba porque tengo una tarjeta de crédito vuestra y quería saber si podía hacer compras en el extranjero con ella como viaje	Hello good look, I was calling because I have your credit card and I wanted to know if I could make purchases abroad with it as a trip
117	60266339cfa37e1cf217af78	es-ES	es	abroad	NOT_DISPUTE	dataset	buenos días me gustaría saber si puedo hacer con la tarjeta que tengo actualmente contratada me gustaría saber si puedo hacer transacciones fuera fuera de mi país ya que me voy de vacaciones un tiempo y lo necesito saber para poder sacar dinero en efectivo o tranquilamente con mi tarjeta de crédito	Good morning I would like to know if I can do with the card that I currently have contracted I would like to know if I can make transactions outside my country since I am going on vacation for a while and I need to know to be able to withdraw money in cash or calmly with my card of credit
118	60266221c7abb7f8321381d5	es-ES	es	abroad	NOT_DISPUTE	dataset	hola buenas tardes mira tengo una tarjeta de crédito con su banco y me gustaría saber si puedo pagar en el extranjero con ella ya que estoy planteando irme	Hello, good afternoon, look, I have a credit card with your bank and I would like to know if I can pay abroad with it since I am considering leaving
119	6026646ac7abb7f832138311	es-ES	es	abroad	NOT_DISPUTE	dataset	buenas me gustaría saber si puedo pagar en extranjero ya que me voy a ir de viaje una semana y quería saber si puedo pagar allí con mi tarjeta	good I would like to know if I can pay abroad since I am going to travel for a week and I wanted to know if I can pay there with my card
120	60266169c7abb7f83213818f	es-ES	es	address	NOT_DISPUTE	dataset	me gustaría cambiar la dirección actual por otra nueva	I would like to change the current address for a new one
121	602662e0cfa37e1cf217af70	es-ES	es	address	NOT_DISPUTE	dataset	hola bueno llama quería cambiar mi dirección de la tarjeta	hello well call I wanted to change my card address
122	60266480dc3604f481bcb43e	es-ES	es	address	NOT_DISPUTE	dataset	hola buenos días vivo en la calle 2385 de Blue y me gustaría cambiar mi dirección gracias	Hello, good morning, I live on 2385 Blue Street and I would like to change my address, thank you
123	60266511dc3604f481bcb4bd	es-ES	es	address	NOT_DISPUTE	dataset	hola llamaba para ver si podía cambiar la dirección postal de la domiciliación bancaria	Hello I was calling to see if I could change the postal address of the direct debit
124	60266364c7abb7f83213828c	es-ES	es	address	NOT_DISPUTE	dataset	hola que ya también mi dirección en el banco porque me he mudado aunque cambio de dirección	Hello, my address is also in the bank because I have moved although I change my address
125	60266427c7abb7f8321382fb	es-ES	es	address	NOT_DISPUTE	dataset	hola buenas noches mira tengo una cuenta y bueno tengo una dirección asociada y por lo que me gustaría cambiar la dirección que tengo asociada a dicho cuántas que posible	hello good evening look I have an account and well I have an associated address and so I would like to change the address that I have associated to said how many that possible
126	60266469dc3604f481bcb42e	es-ES	es	address	NOT_DISPUTE	dataset	hola buenas tardes le llamaba porque quería cambiar mi dirección y quería saber cuál es el trámite a seguir para realizar el cambio de dirección	Hello, good afternoon, I called you because I wanted to change my address and I wanted to know what is the procedure to follow to make the change of address
127	60266202c7abb7f8321381cb	es-ES	es	address	NOT_DISPUTE	dataset	hola quiero cambiar dirección	hello I want to change address
128	602663eac421a821df7c171f	es-ES	es	address	NOT_DISPUTE	dataset	pues alguien que quiere cambiar la dirección que tiene enlazada con la cuenta de su banco	Well, someone who wants to change the address linked to their bank account
129	6026640adc3604f481bcb3ed	es-ES	es	address	NOT_DISPUTE	dataset	hola buenos días llamaba porque quiero cambiar mi dirección ya tiene mudado y quiero recibir correspondencia mi nuevo domicilio muchas gracias	Hello, good morning, I was calling because I want to change my address, I have already moved and I want to receive correspondence, my new address, thank you very much
130	602661d6cfa37e1cf217af5c	es-ES	es	address	NOT_DISPUTE	dataset	hola quiero cambiar mi dirección de residencia por favor	hello I want to change my residence address please
131	6026630ddc3604f481bcb3a5	es-ES	es	address	NOT_DISPUTE	dataset	buenos días quería cambiar mi dirección para lo de la	good morning I wanted to change my address for the
132	60265f9fc421a821df7c16d4	es-ES	es	address	NOT_DISPUTE	dataset	quiero cambiar mi dirección	I want to change my address
133	60265f89c7abb7f832138145	es-ES	es	address	NOT_DISPUTE	dataset	hola mi morado y mi dirección	hello my purple and my address
134	6026619bc7abb7f8321381a0	es-ES	es	address	NOT_DISPUTE	dataset	hola necesito cambiar mi dirección de domicilio	hello I need to change my home address
135	60266482dc3604f481bcb441	es-ES	es	address	NOT_DISPUTE	dataset	hola quiero cambiar mi dirección	hello I want to change my address
136	6026601cc421a821df7c16db	es-ES	es	address	NOT_DISPUTE	dataset	hola llamaba porque quiero cambiar la dirección	Hello, I was calling because I want to change the address
137	602664d5dc3604f481bcb488	es-ES	es	address	NOT_DISPUTE	dataset	hola llamada porque me gustaría cambiar mi dirección que aparece en mi cuenta dado que mirando la cartilla y me ha dado cuenta que tenéis mi dirección pasada de manera que no me llegaban los las cartas a mi domicilio actual gracias	hello call because I would like to change my address that appears in my account since looking at the card and I realized that you have my past address so that the letters did not arrive at my current address thanks
138	6026652ddc3604f481bcb4d1	es-ES	es	address	NOT_DISPUTE	dataset	hola buenos días mire le llamo porque recientemente me he comido de casa y me gustaría cambiar la dirección que está asociada a mi cuenta	Hello, good morning, look, I am calling you because I recently ate from home and I would like to change the address that is associated with my account
139	60266149c7abb7f832138187	es-ES	es	address	NOT_DISPUTE	dataset	quiero cambiar mi dirección	I want to change my address
140	60265d40c7abb7f83213812a	es-ES	es	address	NOT_DISPUTE	dataset	solicitud de cambio de dirección	address change request
141	602664e0cfa37e1cf217af95	es-ES	es	address	NOT_DISPUTE	dataset	hola buenos días soy cliente del banco y le llamaba porque quiero cambiar mi dirección en los datos personales que guardan míos gracias	Hello, good morning, I am a bank customer and I was calling you because I want to change my address in the personal data that they keep mine, thank you
142	6026607cc421a821df7c16e1	es-ES	es	address	NOT_DISPUTE	dataset	hola buenos días mira le llamaba porque quería cambiar la dirección que está asociado a mi cuenta y quería saber si es posible realizarlo por Internet o tengo que hacerlo por teléfono	Hello, good morning, look, I was calling you because I wanted to change the address that is associated with my account and I wanted to know if it is possible to do it online or do I have to do it by phone
143	60266243dc3604f481bcb383	es-ES	es	address	NOT_DISPUTE	dataset	hola buenas tardes mira llamaba porque me interesaría cambiar mi dirección	Hello, good afternoon, look, I was calling because I would be interested in changing my address
144	602660d4c7abb7f832138165	es-ES	es	address	NOT_DISPUTE	dataset	hola buenos días quiero cambiar mi dirección de mi tarjeta porque ha habido un cambio de domicilio si les cariño informar de este nuevo cambio para que esté configurada en mis datos por favor tengan en cuenta esta información sobre mi luego sobre el mi nuevo hogar donde voy a vivir gracias	hello good morning I want to change my address on my card because there has been a change of address if I love you inform of this new change so that it is configured in my data please take into account this information about me then about my new home where I am going to live thanks
145	60265da2c7abb7f832138137	es-ES	es	address	NOT_DISPUTE	dataset	hola me he mudado y quería cambiar mi dirección postal muchas gracias	hello I have moved and wanted to change my postal address thank you very much
146	602669f6c421a821df7c179b	es-ES	es	address	NOT_DISPUTE	dataset	quiero cambiar mi dirección	I want to change my address
147	6026637bc7abb7f83213829c	es-ES	es	address	NOT_DISPUTE	dataset	hola buenas y llamaba para subir a cambiar dirección	hello good and I was calling to go up to change address
148	60266602c7abb7f83213841b	es-ES	es	address	NOT_DISPUTE	dataset	hola buenos días mire me he cambiado de domicilio y quería que cambiar a mi dirección	Hello, good morning, look, I have changed my address and I wanted to change to my address
149	6026611fdc3604f481bcb34f	es-ES	es	address	NOT_DISPUTE	dataset	mi dirección quiero cambiar mi dirección	my address I want to change my address
150	602660f1dc3604f481bcb348	es-ES	es	address	NOT_DISPUTE	dataset	quisiera cambiar mi dirección por favor	I would like to change my address please
151	602664cedc3604f481bcb483	es-ES	es	address	NOT_DISPUTE	dataset	hola quiero cambiar mi dirección por otra diferente	hello I want to change my address for a different one
152	60266521dc3604f481bcb4cb	es-ES	es	address	NOT_DISPUTE	dataset	buenas tardes quiero cambiar mi dirección	good afternoon I want to change my address
153	602662c7c7abb7f83213822f	es-ES	es	address	NOT_DISPUTE	dataset	quiero cambiar mi dirección postal por favor	I want to change my postal address please
154	602663e4dc3604f481bcb3d9	es-ES	es	address	NOT_DISPUTE	dataset	hola buenos días le llamo para cambiar mi dirección ya que recientemente me he mudado y quisiera tener la documentación actualizada y agradecería me indica se los trámites a seguir	Hello, good morning, I am calling you to change my address since I have recently moved and I would like to have the updated documentation and I would appreciate it if you indicate the procedures to follow
155	60265de1c7abb7f83213813d	es-ES	es	address	NOT_DISPUTE	dataset	hola buenos días a ver el motivo de mi llamada es porque me gustaría cambiar mi dirección de la base de datos	hello good morning to see the reason for my call is because I would like to change my address of the database
156	60266337c7abb7f83213826c	es-ES	es	address	NOT_DISPUTE	dataset	buenos días me gustaría cambiar mi dirección en los datos del banco	good morning I would like to change my address in the bank details
157	6026636ac421a821df7c1716	es-ES	es	address	NOT_DISPUTE	dataset	hola buenos días tengo un problema y es que recientemente me he mudado entonces me gustaría cambiar mi dirección antigua por la actual	hello good morning I have a problem and it is that I have recently moved so I would like to change my old address to my current one
158	60265f17c7abb7f832138142	es-ES	es	address	NOT_DISPUTE	dataset	hola buenos días mire estoy de mudanza y necesitaba cambiar la cambia la dirección keldagrim está directa	hello good morning look I'm moving and I needed to change the address keldagrim is direct
159	602664e0dc3604f481bcb491	es-ES	es	address	NOT_DISPUTE	dataset	hola buenos días mira es que me cambio de domicilio y quería cambiar la dirección pero estoy mirando a través de la aplicación y a través de la página web pero no encuentro la forma de realizarlo me podías dar algo más información para hacer el cambio o tengo que ir allí a la oficina a llevar algún papel o algo	Hello, good morning, look, I'm changing my address and I wanted to change my address, but I'm looking through the application and through the website but I can't find a way to do it. there to the office to take some paper or something
160	602663d4c7abb7f8321382d7	es-ES	es	address	NOT_DISPUTE	dataset	hola buenos días quiero añadir mi dirección	hello good morning I want to add my address
161	60266431c7abb7f832138301	es-ES	es	atm_limit	NOT_DISPUTE	dataset	idiota ver cuánto dinero puede sacar de un cajero automático	idiot see how much money you can get out of an ATM
162	602660e4c421a821df7c16e8	es-ES	es	atm_limit	NOT_DISPUTE	dataset	hola buenas tardes voy a salir ahora a sacar a sacar dinero a un cajero que está hecho lo de mi casa pero me preguntaba cuánto es la cantidad máxima que puedo sacar	Hello, good afternoon, I'm going to go out now to withdraw money from an ATM that has done my house, but I was wondering how much is the maximum amount I can withdraw
163	60266349c7abb7f83213827b	es-ES	es	atm_limit	NOT_DISPUTE	dataset	cuál es el límite en el cajero automático	what is the limit at the ATM
164	60266446dc3604f481bcb410	es-ES	es	atm_limit	NOT_DISPUTE	dataset	buenas quisiera saber cuánto dinero puedo retirar del cajero automático	good I would like to know how much money can I withdraw from the ATM
165	602663d5dc3604f481bcb3cc	es-ES	es	atm_limit	NOT_DISPUTE	dataset	buenos días me gustaría consultar el límite de dinero que puedo sacar al día en el cajero y si lo puedo aumentar para así no tener que repetir la acción en distintos días	Good morning I would like to check the limit of money that I can withdraw per day at the ATM and if I can increase it so as not to have to repeat the action on different days
166	602665a7dc3604f481bcb52c	es-ES	es	atm_limit	NOT_DISPUTE	dataset	hola buenos días me gustaría saber cuál es la cantidad máxima que puedo retirar de una vez en un cajero y	hello good morning I would like to know what is the maximum amount that I can withdraw at one time at an ATM and
167	602664fac7abb7f832138336	es-ES	es	atm_limit	NOT_DISPUTE	dataset	hola buenas si estoy en el extranjero y quiero retirar dinero del cajero automático cuál es la cantidad máxima que tengo de retirada lo digo porque voy a hacer un viaje a Estados Unidos y necesito saberlo	hello good if I am abroad and I want to withdraw money from the ATM what is the maximum withdrawal amount I have I say because I am going to make a trip to the United States and I need to know
168	602665a4dc3604f481bcb52a	es-ES	es	atm_limit	NOT_DISPUTE	dataset	cuál es el máximo que puedo retirar del cajero automático	what is the maximum I can withdraw from the ATM
169	60266551c7abb7f83213836a	es-ES	es	atm_limit	NOT_DISPUTE	dataset	iba a retirar dinero del cajero y quería saber cuál es la cantidad máxima de dinero que puedo retirar	I was going to withdraw money from the ATM and I wanted to know what is the maximum amount of money I can withdraw
170	60266289c7abb7f832138207	es-ES	es	atm_limit	NOT_DISPUTE	dataset	hola buenas mira me estaba interesado en sacar dinero en un cajero pero me preguntaba cuál es el límite máximo que puedo retirar	hello good look I was interested in withdrawing money at an ATM but I was wondering what is the maximum limit that I can withdraw
171	60266534c7abb7f83213834f	es-ES	es	atm_limit	NOT_DISPUTE	dataset	hola buenas esta tarde iba a retirar dinero del cajero automático pero no sabía exactamente la cantidad límite que se puede retirar me podríais confirmar cuál es esta	Hello good this afternoon I was going to withdraw money from the ATM but I did not know exactly the limit amount that can be withdrawn, could you confirm what this is
172	602660f6c7abb7f83213816f	es-ES	es	atm_limit	NOT_DISPUTE	dataset	hola buenos días Isabel mira tengo una pregunta quería saber cuál es mi límite de retiro de dinero en cajeros automáticos y si sería posible cambiarlo cambiar el máximo dependiendo de cual sea esto	Hello, good morning Isabel, look, I have a question I wanted to know what my withdrawal limit is at ATMs and if it would be possible to change it, change the maximum depending on what this is
173	602660efc7abb7f83213816c	es-ES	es	atm_limit	NOT_DISPUTE	dataset	hola buenos días una pregunta cuál es la cantidad máxima de dinero que yo puedo retirar al día en la aplicación el salen en mi cuenta y ese que ese límite se podría aumentar o no	hello good morning a question what is the maximum amount of money that I can withdraw per day in the application the leave in my account and that that limit could be increased or not
174	60266516c421a821df7c173e	es-ES	es	atm_limit	NOT_DISPUTE	dataset	quiero sacar dinero del cajero automático y no sé cuánto es la cantidad máxima que puedo sacar me lo pueden decir	I want to withdraw money from the ATM and I don't know how much is the maximum amount I can withdraw, they can tell me
175	602665a7dc3604f481bcb52e	es-ES	es	atm_limit	NOT_DISPUTE	dataset	cuál es mi límite de en el cajero automático	what is my limit at the ATM
176	602664e2c7abb7f83213832e	es-ES	es	atm_limit	NOT_DISPUTE	dataset	hola buenos días quisiera hacer una consulta sobre límite que puedo retirar en un cajero automático y si puedo aumentarlo y cuánto podría retirar como máximo gracias	Hello, good morning, I would like to ask a question about the limit that I can withdraw at an ATM and if I can increase it and how much I could withdraw at the most thanks
177	60266427c421a821df7c1724	es-ES	es	atm_limit	NOT_DISPUTE	dataset	hola llamaba para preguntar cuánto es el máximo dinero que puedo retirar del cajero y porque me hace falta retirar una gran cantidad dinero y era por si podía retirar toda la que tengo en el banco	Hello, I was calling to ask how much money I can withdraw from the ATM and why I need to withdraw a large amount of money and it was in case I could withdraw all that I have in the bank
178	60266149c421a821df7c16ec	es-ES	es	atm_limit	NOT_DISPUTE	dataset	cuál es el límite en el cajero automático puedo meter mi límite de retiro en el cajero automático cuánto dinero puedo retirar	what is the limit at the ATM can I put my withdrawal limit at the ATM how much money can I withdraw
179	602663dfdc3604f481bcb3d8	es-ES	es	atm_limit	NOT_DISPUTE	dataset	para sacar dinero del cajero automático hasta qué cantidad puedo retirar	to withdraw money from the ATM up to what amount can I withdraw
180	60266274dc3604f481bcb387	es-ES	es	atm_limit	NOT_DISPUTE	dataset	hola me gustaría saber cuál es el límite del cajero automático	hello i would like to know what is the ATM limit
181	60266475c7abb7f832138314	es-ES	es	atm_limit	NOT_DISPUTE	dataset	hola buenos días hija porque quiero retirar una gran cantidad de dinero en un cajero y me gustaría saber cuál es el límite para sacar dinero muchas gracias	hello good morning daughter because I want to withdraw a large amount of money at an ATM and I would like to know what is the limit to withdraw money thank you very much
182	602665a0c7abb7f8321383af	es-ES	es	atm_limit	NOT_DISPUTE	dataset	sacar una cantidad está grande del cajero el querría saber el límite que tiene y si se podría ampliar	withdrawing a large amount from the ATM he would like to know the limit it has and if it could be extended
183	602665abc7abb7f8321383ba	es-ES	es	atm_limit	NOT_DISPUTE	dataset	cuál es el límite de retiro en cajero automático puedo aumentar sé	what is the ATM withdrawal limit can i increase i know
184	6026607dc7abb7f832138156	es-ES	es	atm_limit	NOT_DISPUTE	dataset	hola te voy a sacar dinero del cajero automático pero no sé cuál es el límite me puede decir cuánto dinero puedo retirar cuál es la cantidad máxima	Hi, I'm going to get money from the ATM but I don't know what the limit is. Can you tell me how much money I can withdraw? What is the maximum amount?
185	602664dac7abb7f832138327	es-ES	es	atm_limit	NOT_DISPUTE	dataset	una calle que no conozco y he visto que hay un cajero automático de su compañía quiero retirar bien lo he dicho pero no sé cuál es la cantidad máxima que me lo puede decir	a street that I do not know and I have seen that there is an ATM of your company I want to withdraw well I have said it but I do not know what is the maximum amount that can tell me
186	602662a2c7abb7f83213821a	es-ES	es	atm_limit	NOT_DISPUTE	dataset	hola quería retirar dinero de Zaragoza	hello I wanted to withdraw money from Zaragoza
187	6026652dc7abb7f83213834a	es-ES	es	atm_limit	NOT_DISPUTE	dataset	hola buenos días soy cliente de vuestro banco me gustaría saber cuánto dinero puedo retirar de una vez y cuál es el saldo de mi de mi cuenta bancaria gracias	Hello, good morning, I am a customer of your bank, I would like to know how much money I can withdraw at once and what is the balance of my bank account, thanks
188	602662ddc7abb7f83213823f	es-ES	es	atm_limit	NOT_DISPUTE	dataset	buenas tardes me gustaría saber cuál es la cantidad máxima de dinero que puedo retirar de un cajero automático	good afternoon I would like to know what is the maximum amount of money that I can withdraw from an ATM
189	602664bcc7abb7f83213831d	es-ES	es	atm_limit	NOT_DISPUTE	dataset	buenos días me gustaría saber cuánto dinero se puede retirar en un cajero automático	good morning I would like to know how much money can be withdrawn at an ATM
190	60266339c7abb7f83213826d	es-ES	es	atm_limit	NOT_DISPUTE	dataset	hola buenos días resulta que voy a tener que hacer en un rato una compra grande pero la quiero pagar en efectivo tengo la duda cuál es el límite de dinero que puedo sacar el cajero	Hello, good morning, it turns out that I am going to have to make a large purchase in a while but I want to pay it in cash. I have a doubt what is the limit of money that I can withdraw from the ATM
191	6026654ccfa37e1cf217af9d	es-ES	es	atm_limit	NOT_DISPUTE	dataset	quería saber cuánto es el límite para sacar con mi tarjeta en el cajero automático	I wanted to know how much is the limit to withdraw with my card at the ATM
192	6026646adc3604f481bcb42f	es-ES	es	atm_limit	NOT_DISPUTE	dataset	hola llamo porque quería saber cuál es el límite de dinero que puedo sacar del cajero automático y si hay alguna manera de aumentarlo gracias	Hi I'm calling because I wanted to know what is the limit of money that I can withdraw from the ATM and if there is any way to increase it thanks
193	602665a4cfa37e1cf217afa3	es-ES	es	atm_limit	NOT_DISPUTE	dataset	buenos días necesito retirar dinero de mi cuenta a partir de mi tarjeta y estaba a punto de ir al cajero automático y me preguntaba cuál es el límite de cantidad de dinero que puedo retirar en una única operación	Good morning I need to withdraw money from my account from my card and I was about to go to the ATM and I was wondering what is the limit of the amount of money I can withdraw in a single operation
194	60265e0ec7abb7f83213813f	es-ES	es	atm_limit	NOT_DISPUTE	dataset	cuál es el límite de dinero que puedo retirar del cajero automático	what is the limit of money that I can withdraw from the ATM
195	602661cac7abb7f8321381b2	es-ES	es	atm_limit	NOT_DISPUTE	dataset	buenas me gustaría saber cuál es el límite de dinero que puedo sacar en un cajero automático y si podría aumentarlo en algún momento	good I would like to know what is the limit of money that I can withdraw at an ATM and if I could increase it at some point
196	602664a2cfa37e1cf217af8f	es-ES	es	atm_limit	NOT_DISPUTE	dataset	puedo sacar 1000 € del cajero automático o hay algún límite	Can I withdraw € 1000 from the ATM or is there a limit
197	60266536dc3604f481bcb4db	es-ES	es	atm_limit	NOT_DISPUTE	dataset	cuánto es el dinero máximo que puedo retirar de un cajero automático	how much is the maximum money I can withdraw from an ATM
198	6026658fdc3604f481bcb51b	es-ES	es	atm_limit	NOT_DISPUTE	dataset	hola buenas llamado para preguntar cuánto puedo sacar del cajero automático es decir si tengo algún límite y cómo podría cambiar el límite	hello good call to ask how much I can get from the ATM that is if I have a limit and how could I change the limit
199	60266180c7abb7f832138199	es-ES	es	atm_limit	NOT_DISPUTE	dataset	hola buenos días estaba aquí retirando dinero de mi cajero automático y quería saber cuál es la cantidad máxima que puedo retirar de dinero quería saber hasta cuánto dinero puedo sacar por favor necesito que me proporcione esta información para poder continuar con las gestiones tengo un poco de prisa por favor gracias	Hello, good morning, I was here withdrawing money from my ATM and I wanted to know what is the maximum amount that I can withdraw money, I wanted to know how much money I can withdraw. please thanks
200	602665c0cfa37e1cf217afa8	es-ES	es	atm_limit	NOT_DISPUTE	dataset	hola a ver me gustaría saber cuál es la cantidad máxima de dinero que puedo yo retirar de vuestro cajero automático gracias	Hello, let's see, I would like to know what is the maximum amount of money that I can withdraw from your ATM, thanks
201	602665a8c7abb7f8321383b6	es-ES	es	atm_limit	NOT_DISPUTE	dataset	hola buenas mira te llamo porque quiero sacar dinero del cajero y necesito una cantidad alta y no sé si puedo sacar esta cantidad tengo un límite para sacar	hello good look I'm calling you because I want to withdraw money from the ATM and I need a high amount and I don't know if I can withdraw this amount I have a limit to withdraw
202	602666c0c7abb7f832138515	es-ES	es	joint_account	NOT_DISPUTE	dataset	quiero hacer una cuenta conjunta y me gustaría tener información	I want to make a joint account and I would like to have information
203	60265ff8c421a821df7c16d8	es-ES	es	joint_account	NOT_DISPUTE	dataset	buenos días quería hablar con mi banco virtual estamos quiero crear una cuenta conjunta junto con un familiar y quería saber cómo se hace por favor cómo se puede hacer para que crear una cuenta conjunta con un socio gracias	Good morning I wanted to speak with my virtual bank. We are I want to create a joint account with a family member and I wanted to know how to do it, please, how can I create a joint account with a partner? Thank you
204	602667fec421a821df7c178e	es-ES	es	joint_account	NOT_DISPUTE	dataset	me gustaría crear una cuenta con un amigo cómo se hace	I would like to create an account with a friend how to do it
205	60266774c7abb7f8321385e3	es-ES	es	joint_account	NOT_DISPUTE	dataset	hola quería crear una cuenta conjunta con mi pareja y no sé cómo puedo hacerlo puede ser que se puede hacer a través de la aplicación no tendría que hacerlo con vosotros	hello I wanted to create a joint account with my partner and I don't know how I can do it, it may be that it can be done through the application, I would not have to do it with you
206	602660eacfa37e1cf217af51	es-ES	es	joint_account	NOT_DISPUTE	dataset	cómo configurar una cuenta nueva puedo tener una cuenta con mi socio en qué parte dela Biblia se encuentra la opción de una cuenta conjunta	how to set up a new account can i have an account with my partner where in the Bible is the option of a joint account found
207	60266735c7abb7f8321385b4	es-ES	es	joint_account	NOT_DISPUTE	dataset	una cuenta conjunta con mi mujer cómo hacerlo con ayuda para crearla	a joint account with my wife how to do it with help to create it
208	602665a8dc3604f481bcb52f	es-ES	es	joint_account	NOT_DISPUTE	dataset	hola buenas tardes cómo configurar una cuenta conjunta	hello good afternoon how to set up a joint account
209	60266696dc3604f481bcb587	es-ES	es	joint_account	NOT_DISPUTE	dataset	hola buenas mira llamada porque es que acabo de abrir una empresa con un compañero mío de la Universidad y pues estamos hablando sobre una cuenta conjunta ustedes nos lo pueden tramitar o hay que llamar para pedir más información o o cómo lo hacemos muchas	Hello, good look, call because I just opened a company with a colleague of mine from the University and since we are talking about a joint account, you can process it for us or you have to call to ask for more information or how many of us do it
210	6026628dc7abb7f832138209	es-ES	es	joint_account	NOT_DISPUTE	dataset	hola quería saber si puedo tener una cuenta con otra persona más	hello I wanted to know if I can have an account with another person
211	602666fbc7abb7f832138568	es-ES	es	joint_account	NOT_DISPUTE	dataset	hola buenas estaba interesado en una cuenta del Banco como está compañía ya que un socio me ha comentado que trabajas muy bien estoy interesado en abrir una cuenta conjunta	hello good I was interested in a bank account like this company since a partner has told me that you work very well I am interested in opening a joint account
212	602663f4c7abb7f8321382e1	es-ES	es	joint_account	NOT_DISPUTE	dataset	hola buenas mi socio y yo queríamos crear una cuenta conjunta si podrías ayudarnos a crearla	hello good my partner and I wanted to create a joint account if you could help us create it
213	6026677fdc3604f481bcb5c5	es-ES	es	joint_account	NOT_DISPUTE	dataset	hola buenos días me gustaría tener una cuenta conjunta con mi compañero y quería saber cómo realizar la	hello good morning I would like to have a joint account with my partner and I wanted to know how to do the
214	60266544dc3604f481bcb4e7	es-ES	es	joint_account	NOT_DISPUTE	dataset	soy un accidente de otro tengo una tarjeta contratada y me preguntaba si podría configurar una nueva cuenta en el banco pero de manera conjunta con mucha presión puedo hacerlo yo por mi cuenta en Internet que tengo que ir alguna vez o me la puedo hacer	I am an accident of another I have a contracted card and I was wondering if I could set up a new account at the bank but jointly with a lot of pressure I can do it on my own on the Internet that I have to go sometime or I can do it
215	60266724c7abb7f83213859f	es-ES	es	joint_account	NOT_DISPUTE	dataset	me gustaría crear una cuenta conjunta con mi pareja pero no encuentro la opción en vuestra aplicación	I would like to create a joint account with my partner but I cannot find the option in your application
216	6026667dc7abb7f8321384bb	es-ES	es	joint_account	NOT_DISPUTE	dataset	me gustaría saber cómo configurar una cuenta conjunta con otra persona puedo tenerla con mi socio es que no encuentro en la aplicación dónde se halla la opción para crearla	I would like to know how to set up a joint account with another person I can have it with my partner is that I cannot find the option to create it in the application
217	602666e6c7abb7f832138550	es-ES	es	joint_account	NOT_DISPUTE	dataset	me gustaría quedarme una cuenta conjunta con mi pareja dónde puedo configurar la secuaces de la tetera explicación de la banca online	I would like to have a joint account with my partner where I can configure the henchmen of the kettle explanation of online banking
218	602662d4c7abb7f83213823c	es-ES	es	joint_account	NOT_DISPUTE	dataset	cómo puedo configurar la cuenta conjunta	how can i set up joint account
219	60266673c7abb7f8321384ab	es-ES	es	joint_account	NOT_DISPUTE	dataset	hola buenos días me gustaría abrir una cuenta conjunta con mi pareja y no tengo claro cuál es el procedimiento podrán ayudarme gracias	hello good morning I would like to open a joint account with my partner and I am not sure what the procedure is, can you help me thanks
220	60266098c7abb7f832138159	es-ES	es	joint_account	NOT_DISPUTE	dataset	hola buenos días mira estaría interesado en cómo puedo configurar una cuenta conjunta para una empresa entonces iríamos dos personas no sé si yo quería un poco más de información	Hello, good morning, look, I would be interested in how I can set up a joint account for a company, so two people would go, I don't know if I wanted a little more information
221	60266625c7abb7f832138449	es-ES	es	joint_account	NOT_DISPUTE	dataset	hola buenas llamado para preguntar cómo podría crear una cuenta conjunta con un socio o si se puede tener una cuenta conjunta con un socio y también en casa de que si desde la aplicación dónde podría mirarlo	hello good call to ask how I could create a joint account with a partner or if you can have a joint account with a partner and also at home that if from the application where could you look at it
222	6026610bdc3604f481bcb34c	es-ES	es	joint_account	NOT_DISPUTE	dataset	cómo configuro una cuenta conjunta	how do i set up a joint account
223	60266603c7abb7f83213841f	es-ES	es	joint_account	NOT_DISPUTE	dataset	hola buenos días mira quisiera abrir una cuenta conjunta con mi socio pero no sé exactamente dónde tengo que hacerlo me podría informar sobre dónde lo puedo localizar	Hello, good morning, look, I would like to open a joint account with my partner but I don't know exactly where I have to do it, could you tell me where I can find you
224	60266aa9c7abb7f832138612	es-ES	es	joint_account	NOT_DISPUTE	dataset	hola buenos días me gustaría saber la manera para poder configurar una cuenta conjunta con otra persona le pica son pareja tenemos un pequeño negocio y gustaría bueno que podamos utilizar la misma cuenta ambos desde la aplicación no encuentro la opción me gustaría que me ayudaste	Hello, good morning, I would like to know the way to set up a joint account with another person. They are a couple, we have a small business and I would like it well that we can use the same account both from the application I cannot find the option I would like you to help me
225	602666ddc7abb7f83213853d	es-ES	es	joint_account	NOT_DISPUTE	dataset	buenas le llamaba porque él quería abrir una cuenta conjunta con mi pareja y entonces buenas necesito saber cómo se hace la gestión si hay que ir a la entidad o si se puede hacer a través de la aplicación online	I was calling him because he wanted to open a joint account with my partner and then good I need to know how the management is done if you have to go to the entity or if it can be done through the online application
226	6026654dc7abb7f832138367	es-ES	es	joint_account	NOT_DISPUTE	dataset	quisiera crear una cuenta conjunta con mi esposo entonces quería saber en qué parte de la aplicación puedo encontrar los opción	I would like to create a joint account with my husband so I wanted to know where in the application I can find the options
227	60266745c7abb7f8321385c4	es-ES	es	joint_account	NOT_DISPUTE	dataset	en qué parte de la aplicación se encuentra la opción de una cuenta conjunta como como la configura	where in the application is the option of a joint account as how you configure it
228	60266680c7abb7f8321384c4	es-ES	es	joint_account	NOT_DISPUTE	dataset	en qué parte de la aplicación se encuentra la opción para crear una cuenta conjunta	where in the app is the option to create a joint account
229	602663e7c7abb7f8321382dc	es-ES	es	joint_account	NOT_DISPUTE	dataset	me gustaría crear una cuenta nueva con mi pareja qué pasos tengo que hacer	I would like to create a new account with my partner, what steps do I have to do?
230	60266726c7abb7f8321385a1	es-ES	es	joint_account	NOT_DISPUTE	dataset	hola buenas me gustaría abrir una cuenta conmigo y con un socio	hello good I would like to open an account with me and a partner
231	602662d0c7abb7f832138239	es-ES	es	joint_account	NOT_DISPUTE	dataset	hola buenas me gustaría crear una cuenta conjunta para usarla con otra persona y quiero saber cómo se configura con cuántas personas puedo tenerla y demás	hello good I would like to create a joint account to use it with another person and I want to know how it is configured with how many people I can have it and others
232	60266667c7abb7f83213849d	es-ES	es	joint_account	NOT_DISPUTE	dataset	hola buenas pues mira llamaba porque me gustaría realizar una cuenta conjunta como podrías configurarla	Hello good, look, I was calling because I would like to make a joint account how you could configure it
233	60266725cfa37e1cf217afdd	es-ES	es	joint_account	NOT_DISPUTE	dataset	hola buenos días necesitaba ayuda para configurar una cuenta conjunta ya que me gustaría crear una con mi pareja aparte de la que ya tengo yo en virtualmente y no sé si tengo que ir a la oficina o lo puedo hacer directamente desde la aplicación de la banca	hello good morning I needed help to set up a joint account since I would like to create one with my partner apart from the one I already have in virtually and I do not know if I have to go to the office or I can do it directly from the banking application
234	602661b4c7abb7f8321381a7	es-ES	es	joint_account	NOT_DISPUTE	dataset	hola me gustaría abrir una cuenta conjunta pero no sé como configurarla me puede decir en qué parte de la aplicación puedo abrir una cuenta conjunta	hello I would like to open a joint account but I don't know how to configure it, can you tell me where in the application I can open a joint account
235	6026663cc7abb7f832138461	es-ES	es	joint_account	NOT_DISPUTE	dataset	es posible crear una cuenta con otra persona	it is possible to create an account with another person
236	60266731c7abb7f8321385af	es-ES	es	joint_account	NOT_DISPUTE	dataset	quiero abrir una cuenta conjunta con mi mujer	I want to open a joint account with my wife
237	60266730c7abb7f8321385ac	es-ES	es	joint_account	NOT_DISPUTE	dataset	me gustaría crear una cuenta conjunta con un con mi pareja y quería conocer en dónde puedo realizar la en la web bancaria porque he estado mirando las opciones de cuentas y no encuentro la ubicación de la pestaña dónde puedo seleccionar cuenta conjunta y continuar con su creación muchas gracias	I would like to create a joint account with a partner and I wanted to know where I can do it on the banking website because I have been looking at the account options and I cannot find the location of the tab where I can select a joint account and continue with its creation many thanks
238	6026668ecfa37e1cf217afc2	es-ES	es	joint_account	NOT_DISPUTE	dataset	Ono y hacer una cuenta y con otra persona los dos podamos acceder a la cuenta de que quería saber cómo podría hacer esto y la aplicación imputan quedar para conectar una cuenta a la que podamos hacer los dos	Ono and make an account and with another person we can both access the account that wanted to know how I could do this and the application imputes to stay to connect an account to which we can both do
239	6026653edc3604f481bcb4e3	es-ES	es	balance	NOT_DISPUTE	dataset	hola buenas llamada porque quiero ver el saldo de mi cuenta corriente así que por favor muestren me el saldo que tengo en mi cuenta corriente	Hello good call because I want to see the balance of my checking account so please show me the balance that I have in my checking account
240	60266532c7abb7f83213834e	es-ES	es	balance	NOT_DISPUTE	dataset	hola me gustaría saber el saldo que tengo la cuenta corriente que tengo contrato	Hello I would like to know the balance that I have in the current account that I have a contract
241	602665dcc7abb7f8321383ec	es-ES	es	balance	NOT_DISPUTE	dataset	hola buenas llamaba para saber si me podrías decir el saldo que tengo actualmente en la cuenta	Hello good, I was calling to see if you could tell me the balance I currently have in the account
242	602663a2dc3604f481bcb3bb	es-ES	es	balance	NOT_DISPUTE	dataset	muéstrame el saldo de mi cuenta	show me my account balance
243	602665d7c7abb7f8321383e8	es-ES	es	balance	NOT_DISPUTE	dataset	buenos días llamaba para saber el saldo de mi cuenta corriente	Good morning I was calling to know the balance of my checking account
244	6026659ec7abb7f8321383ac	es-ES	es	balance	NOT_DISPUTE	dataset	hola quería saber el saldo de mi cuenta por favor	hello I wanted to know my account balance please
245	602665c3c7abb7f8321383ce	es-ES	es	balance	NOT_DISPUTE	dataset	hola quiero saber el saldo disponible en mi cuenta	hello I want to know the available balance in my account
246	602661addc3604f481bcb375	es-ES	es	balance	NOT_DISPUTE	dataset	hola buenas tardes en este momento no puedo entrar en mi cuenta online por tanto usted me podría decir cuál es mi saldo en este momento muchas gracias	hello good afternoon at this time I can not enter my online account so could you tell me what my balance is at this time thank you very much
247	602663a2dc3604f481bcb3bc	es-ES	es	balance	NOT_DISPUTE	dataset	buenos días quería saber cómo puedo consultar el saldo	good morning I wanted to know how can I check the balance
248	60266199dc3604f481bcb36c	es-ES	es	balance	NOT_DISPUTE	dataset	hola me puedes mostrar el saldo de mi cuenta bancaria por favor	hi can you show me the balance of my bank account please
249	60266417c7abb7f8321382f8	es-ES	es	balance	NOT_DISPUTE	dataset	hola bueno he tenido un problema con la aplicación del móvil así que no he podido mirarlo pero me gustaría saber cuál es el saldo de mi cuenta y si me podríais enseñar cuánto tengo ahora mismo	hello well I had a problem with the mobile application so I could not look at it but I would like to know what my account balance is and if you could show me how much I have right now
250	60266549dc3604f481bcb4ea	es-ES	es	balance	NOT_DISPUTE	dataset	buenos días quisiera saber el saldo de mi cuenta de mi cuenta corriente y cómo puedo conseguir conocerlo qué pasos tengo que seguir gracias	good morning I would like to know the balance of my account in my checking account and how can I get to know it what steps I have to follow thanks
251	60266395c7abb7f8321382b3	es-ES	es	balance	NOT_DISPUTE	dataset	me gustaría conocer el saldo de mi cuenta corriente	I would like to know the balance of my checking account
252	60266a78dc3604f481bcb5d1	es-ES	es	balance	NOT_DISPUTE	dataset	hola buenas tardes en llamar porque estoy teniendo una habitación y me gustaría saber el saldo que tengo	Hello, good afternoon in calling because I am having a room and I would like to know the balance I have
253	602664b4dc3604f481bcb468	es-ES	es	balance	NOT_DISPUTE	dataset	hola llamo porque quiero saber cuánto saldo tengo en la cuenta corriente por favor gracias	Hi, I'm calling because I want to know how much balance I have in the checking account, please, thank you
254	602662abc7abb7f83213821f	es-ES	es	balance	NOT_DISPUTE	dataset	hola llevaba ya que no puedo acceder a la aplicación del banco y me gustaría saber cuál es el saldo de mi cuenta	Hello, I was unable to access the bank application and I would like to know what my account balance is
255	602661ebc421a821df7c16f6	es-ES	es	balance	NOT_DISPUTE	dataset	hola me gustaría consultar el saldo de mi cuenta	hello I would like to check my account balance
256	60266619c7abb7f832138436	es-ES	es	balance	NOT_DISPUTE	dataset	buenos días me gustaría saber el saldo actual de mi cuenta corriente así puedo saber la cantidad de ingresos y gastos que tengo mensualmente y organizarme mejor económicamente gracias	Good morning I would like to know the current balance of my checking account so I can know the amount of income and expenses that I have monthly and organize myself better financially, thanks
257	6026650cdc3604f481bcb4b9	es-ES	es	balance	NOT_DISPUTE	dataset	hola muy buenas me gustaría ver el saldo de mi cuenta corriente podría decirme lo que hay	hello very good I would like to see the balance of my checking account could you tell me what there is
258	602665d2cfa37e1cf217afae	es-ES	es	balance	NOT_DISPUTE	dataset	hola buenos días mire les llamaba para preguntar sobre el saldo que tengo en mi cuenta porque había un problema con la aplicación y y no me aparece y quería consultarlo muchas	Hello, good morning, look, I was calling you to ask about the balance I have in my account because there was a problem with the application and it did not appear and I wanted to consult it many
259	60266466dc3604f481bcb428	es-ES	es	balance	NOT_DISPUTE	dataset	buenos días mira me gustaría saber cuál es el saldo en mi cuenta corriente a los que intentando mirar por la aplicación pero me está dando un problemilla	Good morning look, I would like to know what is the balance in my checking account to those who are trying to look through the application but it is giving me a little problem
260	6026669ddc3604f481bcb58b	es-ES	es	balance	NOT_DISPUTE	dataset	hola he tenido problemas para ver el saldo de la cuenta así que por eso ya	hello I have had problems to see the balance of the account so that's why
261	602664f9c7abb7f832138335	es-ES	es	balance	NOT_DISPUTE	dataset	hola buenas tardes me llamo para venir con Daniel Pérez hablo de mi cuenta corriente que esto que lo intentamos jugar por internet pero no me contarás si podría llegar	Hello, good afternoon, I am calling to come with Daniel Pérez, I am talking about my checking account that we are trying to play online, but you won't tell me if I could get there
262	602665bfcfa37e1cf217afa7	es-ES	es	balance	NOT_DISPUTE	dataset	hola buenos días llamaba porque quería saber el saldo que hay disponible en mi cuenta	Hello, good morning, I was calling because I wanted to know the balance that is available in my account
263	60266545dc3604f481bcb4e8	es-ES	es	balance	NOT_DISPUTE	dataset	muéstrame el saldo de mi cuenta corriente	show me the balance of my checking account
264	60266307dc3604f481bcb3a3	es-ES	es	balance	NOT_DISPUTE	dataset	hola quiero saber el saldo de mi cuenta	hello I want to know the balance of my account
265	602662afc7abb7f832138221	es-ES	es	balance	NOT_DISPUTE	dataset	quisiera saber el saldo de mi cuenta cómo se encuentra actualmente	I would like to know how my account balance is currently
266	60266133cfa37e1cf217af54	es-ES	es	balance	NOT_DISPUTE	dataset	podríamos porque hay mostrarme cuánto cuánto tiene misa con su tengo en la cuenta por favor no sé cuánto saldo tengo en la cuenta	we could because there show me how much mass has with your account I have in the account please I do not know how much balance I have in the account
267	60265d3bcfa37e1cf217af39	es-ES	es	balance	NOT_DISPUTE	dataset	buenas me gustaría saber cuál es el saldo de mi cuenta corriente por favor	good I would like to know what is the balance of my checking account please
268	60266378c7abb7f832138299	es-ES	es	balance	NOT_DISPUTE	dataset	me gustaría saber el saldo de mi cuenta	I would like to know the balance of my account
269	6026649fc421a821df7c172b	es-ES	es	balance	NOT_DISPUTE	dataset	hola buenos días llamaba por si quiero consultar el saldo disponible en mi cuenta corriente	Hello, good morning, I was calling in case I want to check the available balance in my checking account
270	6026657fdc3604f481bcb516	es-ES	es	balance	NOT_DISPUTE	dataset	quiero comprobar el saldo de la cuenta eso de la cuenta corriente y mostrarme el saldo de mi cuenta es urgente por favor	I want to check the balance of the account that of the current account and show me the balance of my account is urgent please
271	60266415c7abb7f8321382f5	es-ES	es	balance	NOT_DISPUTE	dataset	buenos días quisiera saber el cuál es el saldo de mi contacto gracias	good morning I would like to know what is the balance of my contact thanks
272	602665dfc7abb7f8321383f4	es-ES	es	balance	NOT_DISPUTE	dataset	muéstrame el saldo de mi cuenta	show me my account balance
273	60266567c7abb7f83213837a	es-ES	es	balance	NOT_DISPUTE	dataset	me gustaría conocer el saldo disponible en mi cuenta corriente	I would like to know the available balance in my checking account
274	602664ccdc3604f481bcb480	es-ES	es	balance	NOT_DISPUTE	dataset	hola buenos días quería saber el saldo de mi cuenta corriente por favor muéstrame el saldo de mi cuenta corriente gracias	hello good morning I wanted to know the balance of my checking account please show me the balance of my checking account thank you
275	602663f2c421a821df7c1720	es-ES	es	balance	NOT_DISPUTE	dataset	figura buenos días mira quería saber el saldo de mi cuenta corriente a ver si me la podrían consultar y indicar por favor gracias	figure good morning look I wanted to know the balance of my checking account to see if you could consult me and indicate please thank you
276	602664f0dc3604f481bcb4a2	es-ES	es	balance	NOT_DISPUTE	dataset	buenos días me gustaría saber cuánto saldo tengo en la cuenta	good morning I would like to know how much balance I have in the account
277	60266037c7abb7f83213814f	es-ES	es	balance	NOT_DISPUTE	dataset	buenos días por favor quería consultar el saldo de mi cuenta corriente muéstrame el saldo de la cuenta mis últimos movimientos por favor	good morning please I wanted to check the balance of my checking account show me the balance of the account my last movements please
278	6026640ddc3604f481bcb3f0	es-ES	es	balance	NOT_DISPUTE	dataset	me gustaría saber cuál es el saldo actual de mi cuenta	I would like to know what is the current balance of my account
279	60266456c7abb7f83213830c	es-ES	es	balance	NOT_DISPUTE	dataset	hola buenos días soy cliente de su banco y estaba interesado en conocer el estado de mi cuenta en concreto el saldo en mi cuenta corriente por enseñarme el saldo de mi cuenta	Hello, good morning, I am a customer of your bank and I was interested in knowing the status of my account, specifically the balance in my checking account for showing me the balance of my account
280	6026620ec421a821df7c16fb	es-ES	es	balance	NOT_DISPUTE	dataset	quiero saber el saldo actual de mi cuenta por favor	I want to know the current balance of my account please
281	602665dec7abb7f8321383f1	es-ES	es	balance	NOT_DISPUTE	dataset	hola buenas tardes nada llamaba para preguntarles por el saldo de mi cuenta	Hello, good afternoon, nothing called to ask you about the balance of my account
282	602666cdc7abb7f832138527	es-ES	es	card_issues	NOT_DISPUTE	dataset	me pueden ayudar con mi tarjeta ha dejado de funcionar	can you help me with my card has stopped working
283	60266509dc3604f481bcb4b5	es-ES	es	card_issues	NOT_DISPUTE	dataset	hola buenas mira te llamaba porque tengo un problema con mi tarjeta está intentando hacer un pago pero no no funciona no se puede pagar	hello good look I was calling you because I have a problem with my card is trying to make a payment but it does not work, you cannot pay
284	602666c0c7abb7f832138516	es-ES	es	card_issues	NOT_DISPUTE	dataset	hola buenas tardes estoy intentando comprar online y no problemas con tarjeta me dice que no funcionan	Hello, good afternoon, I'm trying to buy online and no card problems, it tells me that they don't work
285	60266784c7abb7f8321385ec	es-ES	es	card_issues	NOT_DISPUTE	dataset	hola he tenido un problema al realizar un pago con mi tarjeta me lo ha denegado sabes por qué ha pasado esto	hello I had a problem when making a payment with my card I was denied it, you know why this has happened
286	60266734c7abb7f8321385b2	es-ES	es	card_issues	NOT_DISPUTE	dataset	o cuando está mi tarjeta no funciona porque ya sabes porque no estás comprando	or when my card is there it does not work because you know why you are not buying
287	60266534c7abb7f832138350	es-ES	es	card_issues	NOT_DISPUTE	dataset	hola mira buenas llamo porque no sé por qué pero mi tarjeta no funciona como que no me deja pagar con ella que puedo hacer	hello look good I'm calling because I don't know why but my card doesn't work like it won't let me pay with it, what can I do?
288	602666b7cfa37e1cf217afca	es-ES	es	card_issues	NOT_DISPUTE	dataset	el pago con mi tarjeta se ha rechazado	the payment with my card has been declined
289	602662c0dc3604f481bcb392	es-ES	es	card_issues	NOT_DISPUTE	dataset	hola buenas tardes llamo porque he tenido un problema con la tarjeta que pertenece a un pago pero y la cartilla como que no funciona así que vamos para avisar de que no	Hi, good afternoon, I'm calling because I had a problem with the card that belongs to a payment, but the card doesn't work, so let's go to warn that it doesn't.
290	602666a6c7abb7f8321384f9	es-ES	es	card_issues	NOT_DISPUTE	dataset	hola por favor me puedes ayudar con mi tarjeta	hello please can you help me with my card
291	602665fbc421a821df7c175d	es-ES	es	card_issues	NOT_DISPUTE	dataset	hola buenos días la verdad es que no sé si está corriendo un problema con mi tarjeta porque no no consigo utilizarla todo debería de estar bien si por favor lo pueden revisar no entiendo cuál puede ser el problema muchas gracias	Hello, good morning, the truth is that I don't know if there is a problem with my card because no, I can't use it, everything should be fine, if you can please review it, I don't understand what the problem may be, thank you very much
292	60266517dc3604f481bcb4c2	es-ES	es	card_issues	NOT_DISPUTE	dataset	quería saber qué pasa con mi tarjeta que no funciona me rechazan los pagos	I wanted to know what happens with my card that does not work, they reject my payments
293	6026656bc7abb7f83213837e	es-ES	es	card_issues	NOT_DISPUTE	dataset	hola mira resulta que tengo una tarjeta con vuestro banco y he intentado hacer un pago pero me resulta imposible me deniega el pago que podría hacer	Hello, look, it turns out that I have a card with your bank and I have tried to make a payment but it is impossible, they deny me the payment that I could make
294	6026670cc7abb7f832138580	es-ES	es	card_issues	NOT_DISPUTE	dataset	porque se rechaza mi pago	because my payment is declined
295	602667e6dc3604f481bcb5ca	es-ES	es	card_issues	NOT_DISPUTE	dataset	no puedo usar mi tarjeta porque no quiere pagar me podéis ayudar con esto	I can't use my card because I don't want to pay, can you help me with this?
296	6026678fc7abb7f8321385f5	es-ES	es	card_issues	NOT_DISPUTE	dataset	he tenido un problema con mi tarjeta al pagar en el supermercado me la ha rechazado	I had a problem with my card when paying at the supermarket, it was rejected
297	60266785c7abb7f8321385ee	es-ES	es	card_issues	NOT_DISPUTE	dataset	me gustaría que me ayudarán con la tarjeta bancaria tiene un problema y no puedo realizar operaciones con la tarjeta a la hora de pagar me sale un error y no me deja ni la clave pin y efectuar pagos bancarios y piletas la tarjeta en condiciones no sé porque se rechaza mi pago	I would like you to help me with the bank card there is a problem and I cannot carry out operations with the card at the time of payment I get an error and it does not even leave me the pin code and make bank payments and pools the card in conditions I do not know why my payment is declined
298	6026678bc421a821df7c178c	es-ES	es	card_issues	NOT_DISPUTE	dataset	hola buenos días me puedes ayudar con mi tarjeta y tengo realizar un pago pero no me funciona	Hello, good morning, can you help me with my card and I have to make a payment but it doesn't work for me
299	6026671bc7abb7f832138591	es-ES	es	card_issues	NOT_DISPUTE	dataset	hola buenas mi tarjeta no funciona y no me deja pagar	hello good my card does not work and does not let me pay
300	602666e7c7abb7f832138551	es-ES	es	card_issues	NOT_DISPUTE	dataset	mi tarjeta no funciona	my card doesn't work
301	60266618c7abb7f832138434	es-ES	es	card_issues	NOT_DISPUTE	dataset	buenas estoy intentando realizar un pago con mi tarjeta pero no funciona me dice que la rechaza pero la tarjeta tiene saldo podrían ayudarme a solucionar este problema	Well I'm trying to make a payment with my card but it doesn't work, it tells me that it rejects it but the card has a balance, you could help me solve this problem
302	60266585c7abb7f832138396	es-ES	es	card_issues	NOT_DISPUTE	dataset	hola buenos días mira es que tengo vuestra tarjeta y no me deja utilizarla o sea no se debe haber algún problema o algo consultamelo a la mayor brevedad posible por favor	Hello, good morning, look, I have your card and it won't let me use it, so there should be no problem or something, please ask me as soon as possible.
303	60266486dc3604f481bcb444	es-ES	es	card_issues	NOT_DISPUTE	dataset	estoy tratando de realizar un pago y mi tarjeta sale como denegada entonces quisiera saber qué está pasando con mi tarjeta	I am trying to make a payment and my card comes out as denied so I would like to know what is happening with my card
304	60266415dc3604f481bcb3f3	es-ES	es	card_issues	NOT_DISPUTE	dataset	hola buenos días me llamo porque tenía un problema con mi tarjeta he ido a pagar en el supermercado y rechazaba me pagó pero no sé el motivo por el que no puedo utilizarla me lo puedes explicar	Hello, good morning, I'm calling because I had a problem with my card. I went to pay at the supermarket and he refused, he paid me, but I don't know why I can't use it, can you explain it to me
305	60266672c7abb7f8321384aa	es-ES	es	card_issues	NOT_DISPUTE	dataset	hola buenos días es que he tenido un problema con la tarjeta varias veces me la han rechazado pero no no entiendo porque se ha rechazado si tengo y todo dentro de la tarjeta y he pagado	hello good morning is that I have had a problem with the card several times it has been rejected but no I do not understand why it has been rejected if I have and everything inside the card and I have paid
306	6026669cc7abb7f8321384ec	es-ES	es	card_issues	NOT_DISPUTE	dataset	necesito ayuda con mi tarjeta no sé porque no funciona y porque se rechaza un pago que hice	I need help with my card I don't know why it doesn't work and why a payment I made is being rejected
307	602666b2c7abb7f832138505	es-ES	es	card_issues	NOT_DISPUTE	dataset	hola buenos días estaba realizando unas compras ahora mismo y he rechazado mi pago creo que era que no podía usar mi tarjeta por algún motivo no estaba funcionando y me preguntaba si podrían ayudarme a resolver este problema arreglar la tarjeta o al menos decirme qué es lo que está sucediendo con la tarjeta	hello good morning I was making some purchases right now and I have rejected my payment I think it was that I could not use my card for some reason it was not working and I was wondering if you could help me solve this problem fix the card or at least tell me what it is is happening with the card
308	6026615bcfa37e1cf217af58	es-ES	es	card_issues	NOT_DISPUTE	dataset	hola estoy probando mi tarjeta y no funciona que puede pasar	Hi, I'm testing my card and it doesn't work, what can happen?
309	602667b7c421a821df7c178d	es-ES	es	card_issues	NOT_DISPUTE	dataset	buenos días la tarjeta de mi banco no está funcionando podrían ayudarme por favor es urgente	good morning my bank card is not working could you help me please it is urgent
310	60266620c7abb7f832138441	es-ES	es	card_issues	NOT_DISPUTE	dataset	dónde pueden ayudar con mi tarjeta de crédito o está cayendo rápido a veces porque a veces me dice que no puede ser ya	where can they help with my credit card or is it falling fast sometimes because sometimes it tells me it can't be anymore
311	60266785dc3604f481bcb5c7	es-ES	es	card_issues	NOT_DISPUTE	dataset	hola buenos días llamaba porque mi tarjeta no hace operaciones no consigo pagar con ella en ningún sitio siempre se me rechaza	Hello, good morning, I was calling because my card does not do operations, I cannot pay with it anywhere I am always rejected
312	6026616fdc3604f481bcb361	es-ES	es	card_issues	NOT_DISPUTE	dataset	hola buenas a ver si me puedes ayudar es que no puedo pagar con mi tarjeta no sé qué pasa que cuando voy a usarla me dice que se ha rechazado el pago y no no consigo que funcione	hello good to see if you can help me is that I can not pay with my card I do not know what happens that when I go to use it tells me that the payment has been rejected and no I can't make it work
313	60266789c421a821df7c178b	es-ES	es	card_issues	NOT_DISPUTE	dataset	me puede ayudar con el uso de la tarjeta me has rechazado el pago y no no sé porque no funciona	can you help me with the use of the card you have rejected the payment and I don't know why it doesn't work
314	60266779dc3604f481bcb5c4	es-ES	es	card_issues	NOT_DISPUTE	dataset	podéis ayudarme con mi tarjeta de crédito parece que no funciona y no me deja pagar	Can you help me with my credit card it seems that it does not work and does not let me pay
315	602666dadc3604f481bcb5a0	es-ES	es	card_issues	NOT_DISPUTE	dataset	me pueden ayudar con mi tarjeta	can you help me with my card
316	60266705c7abb7f832138579	es-ES	es	card_issues	NOT_DISPUTE	dataset	mi tarjeta no funciona	my card doesn't work
317	6026679fdc3604f481bcb5c8	es-ES	es	card_issues	NOT_DISPUTE	dataset	hola he intentado pagar con mi tarjeta y me la han rechazado quería saber qué puedo hacer	Hi, I tried to pay with my card and it was rejected, I wanted to know what I can do
318	602665dac7abb7f8321383ea	es-ES	es	business_loan	NOT_DISPUTE	dataset	hola mira llamaba porque estaría interesado en un nuevo préstamo comercial gracias	Hello, look, I was calling because I would be interested in a new commercial loan, thanks
319	60266576dc3604f481bcb50e	es-ES	es	business_loan	NOT_DISPUTE	dataset	hola buenos días soy un cliente del banco que les quiere solicitar un préstamo comercial nuevo he tenido antes varios préstamos con ustedes para estar interesado en este préstamo personal he visto la publicidad en la web y me gustaría que me informasen de las condiciones gracias	Hello, good morning, I am a client of the bank who wants to apply for a new commercial loan. I have had several loans with you before to be interested in this personal loan. I have seen the advertising on the web and I would like you to inform me of the conditions, thank you
320	602662c2dc3604f481bcb393	es-ES	es	business_loan	NOT_DISPUTE	dataset	hola llamo por un préstamo comercial	hello I'm calling for a business loan
321	60266494dc3604f481bcb44d	es-ES	es	business_loan	NOT_DISPUTE	dataset	hola buenos días mira llamaba porque quería informarme de un préstamo comercial que tiene disponible quería saber cuáles son sus condiciones y demás	Hello, good morning, look, I was calling because he wanted to inform me of a commercial loan that he has available, I wanted to know what his conditions are and others
322	60266138c7abb7f832138181	es-ES	es	business_loan	NOT_DISPUTE	dataset	hola buenos días verás es que estoy interesado en pedir un préstamo nuevo y no lo tengo muy claro que debo hacer cuáles son los requisitos y demás	Hello, good morning, you will see is that I am interested in requesting a new loan and I am not very clear that I should do what the requirements are and others
323	6026668cc7abb7f8321384d5	es-ES	es	business_loan	NOT_DISPUTE	dataset	hola buenos días llamaba por unas dudas sobre los textos quería saber cómo podría hacer algo préstamo	Hello, good morning, I was calling with questions about the texts, I wanted to know how I could do something loan
324	602665fec7abb7f832138417	es-ES	es	business_loan	NOT_DISPUTE	dataset	hola tenía hablar sobre un préstamo comercial	hi had i talk about a business loan
325	6026661dcfa37e1cf217afb4	es-ES	es	business_loan	NOT_DISPUTE	dataset	llamo por un préstamo comercial	I call for a business loan
326	60266577dc3604f481bcb50f	es-ES	es	business_loan	NOT_DISPUTE	dataset	hola buenas tardes le llamaba porque necesitaba un préstamo comercial ahora mismo estoy faltó de liquidez y le llamaba para saber qué tengo que hacer y qué condiciones tengo que reunir para acceder a un préstamo comercial	Hello, good afternoon, I called you because I needed a commercial loan, right now I am short of liquidity and I called you to know what I have to do and what conditions I have to meet to access a commercial loan
327	602665c3c7abb7f8321383cd	es-ES	es	business_loan	NOT_DISPUTE	dataset	hola buenos días quisiera que me diera información donde sobre un préstamo personal que tengo y si puedo ampliarlo dónde podría informarme qué pasos tengo que seguir gracias	Hello, good morning, I would like you to give me information about a personal loan that I have and if I can expand it, where could you inform me what steps I have to follow, thank you
328	60266198dc3604f481bcb36b	es-ES	es	business_loan	NOT_DISPUTE	dataset	yogur un préstamo comercial sobre un préstamo existente no presto	yogurt a business loan over an existing non-loan loan
329	602665f1c7abb7f832138409	es-ES	es	business_loan	NOT_DISPUTE	dataset	qué has conocido alguna información sobre mi préstamo en el comercial existente	what have you learned about my loan in the existing commercial
330	60266641dc3604f481bcb56d	es-ES	es	business_loan	NOT_DISPUTE	dataset	llamo para solicitar un préstamo comercial	I call to apply for a business loan
331	60266565dc3604f481bcb4fe	es-ES	es	business_loan	NOT_DISPUTE	dataset	hola buenas llamaba porque tengo una pregunta sobre un préstamo comercial	hello good, I was calling because I have a question about a commercial loan
332	602663ddc7abb7f8321382da	es-ES	es	business_loan	NOT_DISPUTE	dataset	hola buenos días hoy fuera mitad ya me hace un tiempo para vernos sabes lo que habían problemas y todo ahora tenía una nueva consulta porque quiero abrir un negocio y necesito solicitar un préstamo a donde tendría que dirigirme para solicitarlo y documentación tendría que llevar para pedir este	Hello, good morning, today was halfway through, it was a long time ago to see us, you know what there were problems and now I had a new query because I want to open a business and I need to apply for a loan, where would I have to go to request it and documentation would I have to bring to request this
333	60266512cfa37e1cf217af96	es-ES	es	business_loan	NOT_DISPUTE	dataset	buenos días me gustaría informarme sobre los préstamos que quiere realizar uno	good morning I would like to find out about the loans that one wants to make
334	602664d1c7abb7f832138324	es-ES	es	business_loan	NOT_DISPUTE	dataset	hola muy buenas me interesaría un préstamo comercial me podéis informar de cómo va la cosa y cómo puedo conseguir uno	Hello, very good, I would be interested in a commercial loan, can you tell me how things are going and how I can get one
335	60266467dc3604f481bcb42a	es-ES	es	business_loan	NOT_DISPUTE	dataset	buenos días mire suene todos los clientes y quería información para solicitar un préstamo comercial los requisitos no sé lo que voy a necesitar para solicitarlo sin si pudieran informar de todo yo por favor no sé dígame qué datos les dejo y	Good morning look at all the clients and I wanted information to apply for a commercial loan the requirements I do not know what I will need to request it without if they could report everything I please do not know tell me what information I leave them and
336	60266582c7abb7f832138393	es-ES	es	business_loan	NOT_DISPUTE	dataset	hola mira tengo un préstamo comercial conocer gente y me gusta que hacer un par de preguntas sobre que no entiendo	hello look I have a business loan meet people and I like to ask a couple of questions about which I do not understand
337	6026659ddc3604f481bcb525	es-ES	es	business_loan	NOT_DISPUTE	dataset	hola buenos días mira te llamaba porque quería conocer cómo está la situación con mi préstamo comercial	Hello, good morning, look, I was calling you because I wanted to know how the situation with my business loan
338	60266641c7abb7f832138466	es-ES	es	business_loan	NOT_DISPUTE	dataset	hola buenos días quería preguntar y vuestro banco nos préstamos comerciales o no	Hello good morning I wanted to ask and your bank loans us commercial or not
339	6026657dc7abb7f83213838b	es-ES	es	business_loan	NOT_DISPUTE	dataset	buenas llamaba por un préstamo comercial me gustaría ser nuevo préstamo	good I was calling for a commercial loan I would like to be a new loan
340	602665f9c7abb7f832138413	es-ES	es	business_loan	NOT_DISPUTE	dataset	buenos días mire quería solicitar un nuevo préstamo comercial	good morning look I wanted to apply for a new business loan
341	60266442c7abb7f832138307	es-ES	es	business_loan	NOT_DISPUTE	dataset	buenos días le llamo para pedir información sobre un préstamo comercial además para saber en qué condición se encuentra el préstamo existente que ya me concedieron	Good morning, I am calling you to request information on a commercial loan, as well as to find out what condition the existing loan that has already been granted to me is in.
342	60266587c421a821df7c174c	es-ES	es	business_loan	NOT_DISPUTE	dataset	Hugo cómo va tengo un préstamo comercial porquería	Hugo, how's it going I have a crappy business loan
343	60265cc9dc3604f481bcb300	es-ES	es	business_loan	NOT_DISPUTE	dataset	solicitud de un nuevo préstamo comercial	application for a new business loan
344	602660b2c7abb7f83213815d	es-ES	es	business_loan	NOT_DISPUTE	dataset	hola quería información sobre el nuevo préstamo comercial que ha sacado su banco me podría dar información sobre este préstamo por favor	Hello, I wanted information about the new commercial loan that your bank has taken out, could you give me information about this loan please
345	602660a5c421a821df7c16e4	es-ES	es	business_loan	NOT_DISPUTE	dataset	hola llamaba porque deseo solicitar un préstamo comercial nuevo	Hello, I was calling because I want to apply for a new business loan
346	60266635c421a821df7c1765	es-ES	es	business_loan	NOT_DISPUTE	dataset	llamo por un préstamo comercial tengo una pregunta sobre un préstamo existente y hacer un nuevo préstamo gracias	I am calling about a business loan I have a question about an existing loan and making a new loan thank you
347	602661fadc3604f481bcb37e	es-ES	es	business_loan	NOT_DISPUTE	dataset	hola buenos días llamo por un préstamo comercial tengo una pregunta sobre el nuevo préstamo comercial que voy a hacer y quería saber cómo se realiza a través de mi banco por favor necesito que me proporcionen información sobre cuáles serían las gestiones para llevarlo a cabo muchas gracias	Hello, good morning, I am calling for a commercial loan. I have a question about the new commercial loan that I am going to make and I wanted to know how it is done through my bank.
348	602664c1dc3604f481bcb473	es-ES	es	business_loan	NOT_DISPUTE	dataset	y una buena tarde un tiempo de pedir un préstamo	and a good afternoon a time to ask for a loan
349	602665efc7abb7f832138405	es-ES	es	business_loan	NOT_DISPUTE	dataset	hola buenos días mira estaría interesado en información respectado respecto a la obtención de un préstamo comercial	hello good morning look would be interested in respected information regarding obtaining a commercial loan
350	60266564c7abb7f832138375	es-ES	es	business_loan	NOT_DISPUTE	dataset	hola quisiera solicitar un nuevo préstamo para un negocio que quiero abrir	Hello, I would like to apply for a new loan for a business that I want to open
351	602664cedc3604f481bcb484	es-ES	es	business_loan	NOT_DISPUTE	dataset	hola buenos días llamo porque quiero recibir información sobre cómo conseguir un préstamo comercial	Hello, good morning, I'm calling because I want to receive information on how to get a business loan
352	602666bcdc3604f481bcb593	es-ES	es	business_loan	NOT_DISPUTE	dataset	hola buenos días llamo para pedir información sobre un nuevo préstamo comercial aunque ya tenía un préstamo existente anterior	hello good morning I'm calling to ask for information on a new commercial loan even though I already had a previous existing loan
353	602665f5c421a821df7c175a	es-ES	es	business_loan	NOT_DISPUTE	dataset	hola quería crear un nuevo préstamo comercial cómo podría hacerlo	hello I wanted to create a new business loan how could I do it
354	602664efdc3604f481bcb4a1	es-ES	es	business_loan	NOT_DISPUTE	dataset	hola estoy llamando porque quiero tengo una pregunta acerca de un préstamo existente para un préstamo comercial muchas gracias	hi i am calling because i want i have a question about an existing loan for a business loan thank you very much
355	6026662fdc3604f481bcb564	es-ES	es	high_value_payment	NOT_DISPUTE	dataset	hola quería saber qué tengo que hacer cuando tengo que pagar una gran cantidad y qué hago con el mensaje de confirmación	hello I wanted to know what I have to do when I have to pay a large amount and what do I do with the confirmation message
356	602666addc3604f481bcb58e	es-ES	es	high_value_payment	NOT_DISPUTE	dataset	no sé cómo usar el código que me han enviado por sms	I don't know how to use the code sent to me by SMS
357	6026651cdc3604f481bcb4c9	es-ES	es	high_value_payment	NOT_DISPUTE	dataset	buenos días mira estoy intentando realizar un pago importante en línea y me dice que estoy recibiendo mensajes SMS pero no he recibido ningún mensaje pues quería ver si me lo podré solucionar	Good morning look, I'm trying to make an important payment online and it tells me that I'm receiving SMS messages but I haven't received any messages because I wanted to see if I could solve it
358	60266706c7abb7f83213857a	es-ES	es	high_value_payment	NOT_DISPUTE	dataset	cómo debo proceder para realizar un pago elevado	how should i proceed to make a large payment
359	60266418dc3604f481bcb3f5	es-ES	es	high_value_payment	NOT_DISPUTE	dataset	me puede aclarar porque debo recibir un código de configurar de confirmación por SMS y no cargarlo directamente por teléfono con ustedes	Can you clarify for me why I must receive a confirmation code to configure by SMS and not charge it directly by phone with you
360	602665bdc421a821df7c1752	es-ES	es	high_value_payment	NOT_DISPUTE	dataset	hola buenos días llamaba porque estaba comprando el mobiliario nuevo para casa por internet y he intentado utilizar la tarjeta pero me dice que recibiré un mensaje en el móvil pero no sé exactamente bien bien que osea que de hacer	Hello, good morning, I was calling because I was buying the new home furniture online and I tried to use the card but it tells me that I will receive a message on my mobile but I don't know exactly what to do.
361	60266651c421a821df7c176e	es-ES	es	high_value_payment	NOT_DISPUTE	dataset	no sé qué hacer con el mensaje de texto que me habéis enviado para pagar una alta cantidad de dinero	I don't know what to do with the text message you sent me to pay a high amount of money
362	60266a26dc3604f481bcb5d0	es-ES	es	high_value_payment	NOT_DISPUTE	dataset	he recibido un código SMS del banco para pagar una gran cantidad	I have received an SMS code from the bank to pay a large amount
363	6026675cc7abb7f8321385d0	es-ES	es	high_value_payment	NOT_DISPUTE	dataset	no sé que se supone que deben hacer estos mensajes SMS con código pago Carrefour	I don't know what these SMS messages with Carrefour payment code are supposed to do
364	602666c3cfa37e1cf217afce	es-ES	es	high_value_payment	NOT_DISPUTE	dataset	buenas estoy realizando una transferencia de una gran cantidad de dinero a otra cuenta corriente y me dijeron que recibiré un código de confirmación por SMS dada la gran cantidad de dinero que estoy traduciendo que tengo que hacer con este con este sms recibir un código en el que tengo que confirmar el la transacción gracias	good I am making a transfer of a large amount of money to another checking account and they told me that I will receive a confirmation code by SMS given the large amount of money that I am translating that I have to do with this with this SMS receive a code in which I have to confirm the transaction thank you
365	6026660cc7abb7f832138429	es-ES	es	high_value_payment	NOT_DISPUTE	dataset	estoy intentando hacer un pago bastante grande en línea y me dice que tengo que recibir un mensaje de texto y no sé que se supone que tienen que hacer estos mensajes con los códigos de pago que he recibido	I'm trying to make a pretty big payment online and it tells me that I have to receive a text message and I don't know what these messages are supposed to do with the payment codes that I received
366	602666f7c7abb7f832138563	es-ES	es	high_value_payment	NOT_DISPUTE	dataset	hola buenos días estoy tratando de hacer un pago bastante grande por internet y me han enviado un código del banco pero no sé que hay que hacer con este código ni dónde lo tengo que insertar	Hello, good morning, I'm trying to make a large payment online and they have sent me a code from the bank but I don't know what to do with this code or where to insert it
367	6026669bc7abb7f8321384eb	es-ES	es	high_value_payment	NOT_DISPUTE	dataset	quiero hacer un pago de una cantidad elevada y he leído algo sobre un SMS que debo hacer con el	I want to make a payment of a large amount and I have read something about an SMS that I should do with it
368	6026647bc7abb7f832138315	es-ES	es	high_value_payment	NOT_DISPUTE	dataset	hola buenas si me la compré un carnet de alto precio y	hello good if I bought a high price card and
369	6026652dc7abb7f83213834b	es-ES	es	high_value_payment	NOT_DISPUTE	dataset	hola buenos días soy cliente de su banco y estoy intentando realizar un pago importante online y me están diciendo que recibo un mensaje de texto pero no sé qué hacer con este código que me mandan en el SMS me lo podrían explicar	Hello, good morning, I am a customer of your bank and I am trying to make an important payment online and they are telling me that I receive a text message but I do not know what to do with this code that they send me in the SMS, could you explain it to me
370	602666f4dc3604f481bcb5aa	es-ES	es	high_value_payment	NOT_DISPUTE	dataset	hola buenos días mire es que estoy intentando realizar un pago muy alto	Hello, good morning, look, I'm trying to make a very high payment
371	6026671edc3604f481bcb5b6	es-ES	es	high_value_payment	NOT_DISPUTE	dataset	quiero realizar un pago importante en línea y dice que tengo que recibir un mensaje SMS	I want to make an important payment online and it says that I have to receive an SMS message
372	602662a0c7abb7f832138217	es-ES	es	high_value_payment	NOT_DISPUTE	dataset	hola buenos días a ver es que estoy intentando hacer una transferencia de gran cantidad y me pone que me van a mandar un mensaje de texto para un código de verificación y demás pero tampoco sé muy bien que tengo que hacer con ese código ni dónde tengo que meterlo	hello good morning to see is that I am trying to make a transfer of large amounts and he tells me that they are going to send me a text message for a verification code and others but I do not know very well what I have to do with that code or where I have to put it in
373	602662abc7abb7f832138220	es-ES	es	high_value_payment	NOT_DISPUTE	dataset	realizar un pago de la cantidad alta y he recibido un mensaje directo	make a payment of the high amount and I received a direct message
374	60266057dc3604f481bcb334	es-ES	es	high_value_payment	NOT_DISPUTE	dataset	pago de alto precio estoy tratando de realizar un palo importante en línea y dice que debo recibir un mensaje de mensaje de texto no sé que se supone que venga hacerte un mensaje SMS con código de pan Carrefour	high price payment I am trying to make an important suit online and it says I should receive a text message I do not know what is supposed to come to you an SMS message with Carrefour bread code
375	60266628dc3604f481bcb561	es-ES	es	high_value_payment	NOT_DISPUTE	dataset	hola buenos días estoy tratando de realizar un pago importante desde mi cuenta y he recibido un sms pero no tengo muy claro cuál es el proceso podrían ayudarme gracias	Hello, good morning, I am trying to make an important payment from my account and I have received an SMS but I am not very clear about the process, could you help me thanks
376	60266597dc3604f481bcb520	es-ES	es	high_value_payment	NOT_DISPUTE	dataset	quisiera hacer un pago más grande de lo normal y lean las instrucciones dice que el banco me ha mandado un mensaje de texto entonces que necesito saber qué hago con información que recibe la mensaje de texto después de recibir	I would like to make a larger payment than normal and read the instructions it says that the bank has sent me a text message so I need to know what to do with information that receives the text message after receiving
377	602666ccdc3604f481bcb59b	es-ES	es	high_value_payment	NOT_DISPUTE	dataset	hola buenas llamado porque tengo que hacer un pago de un precio bastante elevado y	hello good call because I have to make a payment of a fairly high price and
378	60266794c7abb7f8321385f6	es-ES	es	high_value_payment	NOT_DISPUTE	dataset	hola buenas estoy tratando de hacer un pago por línea y recibo un extraño mensaje de texto que no sé qué quiere decir que tengo unos códigos de pago de recibos Valencia medias aclaraciones sobre	Hello good, I am trying to make a payment online and I receive a strange text message that I do not know what it means that I have some payment codes for Valencia receipts, half clarifications about
379	60266722c7abb7f832138598	es-ES	es	high_value_payment	NOT_DISPUTE	dataset	disculpe no considero que está alta la cantidad de dinero de va solo confirmarse por mí SMS me gustaría preguntarle si podría haber otro tipo de confirmación gracias	Sorry I do not consider that the amount of money is high, it will only be confirmed by me SMS I would like to ask you if there could be another type of confirmation thank you
380	6026672ec7abb7f8321385a9	es-ES	es	high_value_payment	NOT_DISPUTE	dataset	quiero pagar una gran cantidad de dinero y parece que para ello tengo que recibir una confirmación	I want to pay a large amount of money and it seems that for this I have to receive a confirmation
381	60266794c7abb7f8321385f7	es-ES	es	high_value_payment	NOT_DISPUTE	dataset	comprando aquí en Amazon de forma online y me pone que hacer una gran cantidad me enviara mi banco es código confirmación	buying here on Amazon online and it makes me make a large amount, my bank will send me the confirmation code
382	60266758c7abb7f8321385cf	es-ES	es	high_value_payment	NOT_DISPUTE	dataset	hola buenos días me gustaría realizar un pago de alto precio	hello good morning I would like to make a high price payment
383	60266681c7abb7f8321384c7	es-ES	es	high_value_payment	NOT_DISPUTE	dataset	hola buenas mira te vamos a hacer una transferencia y todo el rato me dice que me va a enviar un mensaje de texto y no sé si es por la cantidad todo o porque hay algún problema	Hello, good look, we are going to make a transfer and all the time he tells me that he is going to send me a text message and I do not know if it is for the amount of everything or because there is a problem
384	602666e3c7abb7f832138549	es-ES	es	high_value_payment	NOT_DISPUTE	dataset	hola buenas pues mira resulta que recientemente tengo que realizar un pago de una gran suma de dinero y me dice que voy a recibir un sms de mi banco	Hello, good looks, it turns out that recently I have to make a payment of a large sum of money and it tells me that I am going to receive an SMS from my bank
385	60266417c7abb7f8321382f7	es-ES	es	high_value_payment	NOT_DISPUTE	dataset	hola estoy intentando pagar un producto y me ha llegado un mensaje de texto con un código para pagar que se supone que tengo que hacer con ellos	Hi, I'm trying to pay for a product and I received a text message with a code to pay, what am I supposed to do with them
386	60266757c7abb7f8321385ce	es-ES	es	high_value_payment	NOT_DISPUTE	dataset	hola quiero hacer un pago de una cantidad grande y me han enviado un mensaje de texto y no sé qué tengo que hacer con el	hello I want to make a payment of a large amount and they have sent me a text message and I don't know what to do with it
387	60266176cfa37e1cf217af5a	es-ES	es	high_value_payment	NOT_DISPUTE	dataset	hola quiero hacer un pago importante y es una cantidad muy grande pero no veo el SMS que me han dicho que debería recibir	hello I want to make an important payment and it is a very large amount but I do not see the SMS that they have told me that I should receive
388	60266429dc3604f481bcb3fd	es-ES	es	high_value_payment	NOT_DISPUTE	dataset	he intentado realizar un pago grande y he recibido un código por sms pero no sé qué hacer con este código me podrías ayudar	I have tried to make a large payment and I have received a code by sms but I don't know what to do with this code, could you help me
389	602666abdc3604f481bcb58c	es-ES	es	direct_debit	NOT_DISPUTE	criterion	hola buenas tardes el banco y me preguntaba si cuál sería el procedimiento para solicitar una domiciliación bancaria sobre mi papá es porque no tengo tiempo para estar autorizando y bueno básicamente preguntado que podría ser solamente para un tipo de	Hello, good afternoon, the bank and I was wondering if what would be the procedure to request a direct debit on my dad is because I don't have time to be authorizing and well basically wondering what could be only for a type of
390	602665c8c7abb7f8321383d6	es-ES	es	direct_debit	NOT_DISPUTE	criterion	hola buenos días soy cliente de vuestro banco me gustaría conocer mis domiciliaciones gracias	Hello, good morning, I am a customer of your bank, I would like to know my direct debits, thank you
391	60266704c7abb7f832138576	es-ES	es	direct_debit	DISPUTE	criterion	buenos días quería preguntar sobre las ponencias viendo bancarias porque el otro día encontré en un cargo del banco con un concepto de domiciliación bancaria y no	good morning I wanted to ask about the presentations regarding banking because the other day I found a bank position with a concept of direct debit and not
392	60266610c7abb7f832138432	es-ES	es	direct_debit	UNSURE	criterion	quiero devolver una domiciliación	I want to return a direct debit
393	602665badc3604f481bcb53b	es-ES	es	direct_debit	NOT_DISPUTE	criterion	quería saber qué domiciliaciones bancarias tengo	I wanted to know what direct debits I have
394	60266579c7abb7f832138384	es-ES	es	direct_debit	NOT_DISPUTE	criterion	quería saber cómo funcionan las domiciliaciones bancarias	I wanted to know how direct debits work
395	602666f8c7abb7f832138564	es-ES	es	direct_debit	NOT_DISPUTE	criterion	hola buenas quería ver mis domiciliaciones bancarias	hello good, wanted to see my direct debits
396	602666e0c7abb7f832138546	es-ES	es	direct_debit	NOT_DISPUTE	criterion	si me podría indicar cuántas domiciliaciones bancarias tengo	If you could tell me how many direct debits I have
397	60266605c7abb7f832138421	es-ES	es	direct_debit	UNSURE	criterion	a buenas tengo varios problemas con las domiciliaciones quería saber cómo ver mis domiciliaciones la aplicación de banca porque no se usarla bien y necesito tener información yo también tenía un recibo de la luz que quería devolver la domiciliación porque no estoy conforme con el recibo en cuestión quería saber lo que hay que hacer para realizar todos estos trámites	Well, I have several problems with direct debits, I wanted to know how to see my direct debits the banking application because I don't know how to use it well and I need to have information. know what to do to complete all these procedures
398	60266567dc3604f481bcb500	es-ES	es	direct_debit	NOT_DISPUTE	criterion	buenos días me gustaría saber cuáles son mis domiciliaciones	good morning I would like to know what my direct debits are
399	60266484dc3604f481bcb442	es-ES	es	direct_debit	NOT_DISPUTE	criterion	hola buenas un amigo me ha comentado algo sobre domiciliaciones bancarias me gustaría saber más del tema si me pudieras informar	Hello good, a friend has told me something about direct debits I would like to know more about the subject if you could inform me
400	60266688dc3604f481bcb584	es-ES	es	direct_debit	NOT_DISPUTE	criterion	hola buenos días me gustaría salir citar información sobre sobre las domiciliaciones bancaria ya que no sé muy bien cómo funciona	Hello good morning I would like to go out to quote information about direct debits since I do not know very well how it works
401	60266525cfa37e1cf217af99	es-ES	es	direct_debit	NOT_DISPUTE	criterion	hola buenos días llamada porque quiero consultar cuáles son mis domiciliaciones bancarias que tengo actualmente en mi cuenta muchas gracias	Hello, good morning, call because I want to check what are my direct debits that I currently have in my account, thank you very much
402	60266648c421a821df7c176b	es-ES	es	direct_debit	NOT_DISPUTE	criterion	obtener información sobre domiciliaciones bancarias	obtain information on direct debits
403	6026650cdc3604f481bcb4b8	es-ES	es	direct_debit	NOT_DISPUTE	criterion	buenas me gustaría saber más información sobre las domiciliaciones bancarias y que tendría que hacer en caso de que le devuelve una	good I would like to know more information about direct debits and what I would have to do in case you get a refund
404	60266118dc3604f481bcb34d	es-ES	es	direct_debit	NOT_DISPUTE	criterion	hola sobre las domiciliaciones bancarias domiciliar una cuenta	hello about direct debits direct debit an account
405	6026632dc7abb7f832138266	es-ES	es	direct_debit	NOT_DISPUTE	criterion	una pregunta por domiciliaciones bancarias	a question for direct debits
406	60266515cfa37e1cf217af97	es-ES	es	direct_debit	UNSURE	criterion	si hola buenos días yo nos clientes y quería comentarte un tema domiciliaciones bancarias es una es una domiciliación en cuestión quisiera devolver un recibo de la luz del mes de junio si a ver si me lo pudiera y no pude ir a buscar por favor y quisiera que se se retorna la que se volviera si a la espera estoy gracias	Yes, hello, good morning, I are clients and I wanted to comment on a matter, direct debits, is one, is a direct debit in question, I would like to return a receipt for the electricity for the month of June. the one that came back is returned if I'm waiting, thank you
407	602666d1c7abb7f83213852e	es-ES	es	direct_debit	UNSURE	criterion	hola buenos días quería ver mis domiciliaciones bancarias creo que hay algún fallo y quise devolver una gracias	Hello, good morning, I wanted to see my direct debits, I think there is a mistake and I wanted to return a thank you
408	602666c6dc3604f481bcb598	es-ES	es	direct_debit	NOT_DISPUTE	criterion	cómo podría encontrar el listado de todas mis domiciliaciones bancarias	how could I find the list of all my direct debits
409	60266660c421a821df7c1771	es-ES	es	direct_debit	NOT_DISPUTE	criterion	muéstrame mis domiciliaciones bancarias	show me my direct debits
410	60266620c7abb7f832138440	es-ES	es	direct_debit	NOT_DISPUTE	criterion	hola mira estaría interesado en buscar información en preguntar sobre domiciliaciones bancarias gracias	hello look I would be interested in looking for information in asking about direct debits thanks
411	60266693c7abb7f8321384de	es-ES	es	direct_debit	NOT_DISPUTE	criterion	hola quería hablar de las domiciliación de unos recibos	hello I wanted to talk about the direct debit of some receipts
412	60266539dc3604f481bcb4e0	es-ES	es	direct_debit	DISPUTE	criterion	hola buenos días me ha llegado en la aplicación del móvil una notificación de una domiciliación bancaria y realmente no sé qué y me gustaría que me pudiera guiar y decir quitarme este movimiento en mi banco	hello good morning a notification of a direct debit has come to me in the mobile application and I really do not know what and I would like you to guide me and say to remove this movement in my bank
413	60266601c421a821df7c175e	es-ES	es	direct_debit	NOT_DISPUTE	criterion	tengo una pregunta sobre mis domiciliaciones bancarias a donde podrá encontrar más información	I have a question about my direct debits where you can find more information
414	6026667adc3604f481bcb582	es-ES	es	direct_debit	NOT_DISPUTE	criterion	ábreme de domiciliaciones bancarias por favor	open me of direct debits please
415	602666d8c7abb7f832138538	es-ES	es	direct_debit	UNSURE	criterion	hola me gustaría conocer las domiciliaciones domiciliaciones que tengo realizadas con su banco porque quería alterar una de ellas debido a un fallo técnico quiero devolver el recibo el último recibo que se ha efectuado para el pago de unas facturas	Hello I would like to know the direct debits that I have made with your bank because I wanted to alter one of them due to a technical failure I want to return the receipt the last receipt that has been made for the payment of invoices
416	602666a6c7abb7f8321384f7	es-ES	es	direct_debit	NOT_DISPUTE	criterion	quiero ver mis domiciliaciones	I want to see my direct debits
417	602666dec7abb7f832138541	es-ES	es	direct_debit	NOT_DISPUTE	criterion	hola buenos días quisiera que me informase sobre cómo tengo que hacer para hacer una nueva domiciliación bancaria y cuáles serían las instrucciones o si quiero devolver una domiciliación que no sé es correcta gracias	Hello, good morning, I would like you to inform me about how I have to do to make a new direct debit and what the instructions would be or if I want to return a direct debit that I do not know is correct, thank you
418	6026621ec7abb7f8321381d3	es-ES	es	direct_debit	UNSURE	criterion	hola buenos días una pregunta sobre las domiciliaciones bancarias que me gustaría verlas que tengo actualmente y devolver una domiciliación que tengo	Hello good morning a question about the direct debits that I would like to see them that I currently have and return a direct debit that I have
419	60266661c7abb7f832138494	es-ES	es	direct_debit	NOT_DISPUTE	criterion	hola mira he visto en su página web que tiene una acción de domiciliar bancariamente de domiciliaciones bancarias no sé si me puede explicar un poquito	Hi, look, I have seen on your website that you have a direct debit action for direct debits, I don't know if you can explain a little bit to me.
420	6026651ac421a821df7c173f	es-ES	es	direct_debit	UNSURE	criterion	ábreme de domiciliaciones bancarias muéstrame mis domiciliaciones y quiero devolver una domiciliación ya	open direct debits show me my direct debits and I want to return a direct debit now
421	6026621ac7abb7f8321381d2	es-ES	es	direct_debit	NOT_DISPUTE	criterion	hola me puede hablar del domiciliaciones bancarias	Hello, can you tell me about direct debits?
422	60266631c7abb7f832138450	es-ES	es	direct_debit	NOT_DISPUTE	criterion	después de hablar de domiciliación bancaria	after talking about direct debit
423	602666cfc7abb7f83213852c	es-ES	es	latest_transactions	DISPUTE	criterion	hola buenas llamaba porque quiero ver mis últimas transacciones y hay un pago que no entiendo porque está ahí	Hello good, I was calling because I want to see my latest transactions and there is a payment that I do not understand because it is there
424	60266774c7abb7f8321385e4	es-ES	es	latest_transactions	DISPUTE	criterion	hola buenos días hay un pago que no conozco en mi cuenta y me gustaría saber a qué es debido	hello good morning there is a payment that I do not know in my account and I would like to know what it is due to
425	602664cadc3604f481bcb47e	es-ES	es	latest_transactions	DISPUTE	criterion	estoy realizando nuestra sección recientes y hay un par de cosas que te pago que no reconozco estos es quisiera saber el tiempo de antenas información	I am doing our recent section and there are a couple of things that I pay you that I do not recognize these is I would like to know the antenna time information
426	602661dcdc3604f481bcb377	es-ES	es	latest_transactions	DISPUTE	criterion	hola me gustaría ver mis últimas transacciones porque hay un pago que no reconozco y quiere investigarlo gracias	hello I would like to see my last transactions because there is a payment that I do not recognize and want to investigate it thanks
427	602663bfdc3604f481bcb3c5	es-ES	es	latest_transactions	NOT_DISPUTE	criterion	me gustaría saber las últimas transacciones que se encuentran en mi cuenta	I would like to know the latest transactions found in my account
428	602662f7c7abb7f832138249	es-ES	es	latest_transactions	UNSURE	criterion	me gustaría que me mostrara mis últimas transacciones ya que estos últimos meses he estado recibiendo en un pago	I would like you to show me my latest transactions since these last months I have been receiving a payment
429	60266755cfa37e1cf217afe2	es-ES	es	latest_transactions	NOT_DISPUTE	criterion	hola m llamado porque quería saber mis últimas transacciones con la con la tarjeta gracias	Hi, I'm called because I wanted to know my last transactions with the card, thank you
430	602665b4c7abb7f8321383c5	es-ES	es	latest_transactions	DISPUTE	criterion	estoy mirando mi banca online y acabo de ver un pavo que desconozco y quería y me muestre un extracto de mis últimas transacciones y la hora exacta en la que se realizó el pago para saber si es mío no	I'm looking at my online banking and I just saw a turkey that I don't know and wanted, and it showed me an extract of my last transactions and the exact time the payment was made to know if it is mine.
431	60266580c7abb7f83213838f	es-ES	es	latest_transactions	DISPUTE	criterion	hola buenos días estaba revisando mi historial de compras de la aplicación de Funicamp y hay una compra que no reconozco	hello good morning I was checking my purchase history from the Funicamp application and there is a purchase that I do not recognize
432	60266601c7abb7f832138419	es-ES	es	latest_transactions	DISPUTE	criterion	hay un pago de ayer que no reconozco	there is a payment from yesterday that I do not recognize
433	60266264c7abb7f8321381f0	es-ES	es	latest_transactions	DISPUTE	criterion	hola quería preguntar por la última transacción que me aparece que no sé de dónde viene	Hello I wanted to ask about the last transaction that appears to me that I do not know where it comes from
434	60266764c7abb7f8321385d5	es-ES	es	latest_transactions	DISPUTE	criterion	buenos días podría mostrarme mis últimas transacciones creo que hay un pago que no conozco muy bien su procedencia	good morning could you show me my latest transactions I think there is a payment that I do not know very well its origin
435	60266099dc3604f481bcb344	es-ES	es	latest_transactions	NOT_DISPUTE	criterion	muéstrame mis últimos movimientos mi últimas transacciones	show me my last movements my last transactions
436	6026630cdc3604f481bcb3a4	es-ES	es	latest_transactions	DISPUTE	criterion	hola me puedes mostrar las últimas transacciones es que hay un pago que no reconozco y quiero quiero comprobarlo	Hello, can you show me the latest transactions? There is a payment that I do not recognize and I want to check it
437	6026674fc7abb7f8321385c9	es-ES	es	latest_transactions	DISPUTE	criterion	hola buenos días quería por favor que me mostrase bueno pues los últimos movimientos de mi cuenta lo que son las últimas transacciones porque hay un pago que no reconozco y quería saber de dónde viene y porque me lo han cobrado hay otros que sí que están ahí y lo reconozco pero ese no muchas	Hello, good morning, I wanted you to show me good because the last movements of my account what are the last transactions because there is a payment that I do not recognize and I wanted to know where it comes from and because they have charged me there are others that are there and I recognize it but not many
438	602664a5dc3604f481bcb45b	es-ES	es	latest_transactions	DISPUTE	criterion	hola buenos días soy cliente de su banco y llamaba para que me pase de mis últimas transacciones ya que he estado mirando en la web y hay un pago que no conozco no sé a qué corresponde lo podían explicar	Hello, good morning, I am a customer of your bank and I was calling so that I could pass on my latest transactions since I have been looking on the web and there is a payment that I do not know, I do not know what it corresponds to, they could explain it
439	60266777dc3604f481bcb5c3	es-ES	es	latest_transactions	DISPUTE	criterion	me puede mostrar mis últimas transacciones hay una transacción que no reconozco	can you show me my last transactions there is a transaction that I do not recognize
440	60265e6cc421a821df7c16c6	es-ES	es	latest_transactions	UNSURE	criterion	muéstrame mis últimas transacciones hago un pago que no conozco si reconozco el pavo	show me my last transactions I make a payment that I do not know if I recognize the turkey
441	60266659c7abb7f832138489	es-ES	es	latest_transactions	DISPUTE	criterion	hola buenas llamaba para preguntar si podría ver las últimas transacciones hechas con mi tarjeta y bueno también para decir que he visto que hay un pago me el cual no reconozco	Hello, good, I was calling to ask if I could see the last transactions made with my card and also to say that I have seen that there is a payment that I do not recognize
442	60266537dc3604f481bcb4dc	es-ES	es	latest_transactions	DISPUTE	criterion	hola me podrías mostrar mi última transacciones es que hay un pago que no que no sé cuál es	Hello, could you show me my last transaction? It is that there is a payment that I do not know what it is
443	6026668ec7abb7f8321384d9	es-ES	es	latest_transactions	DISPUTE	criterion	hola buenas estado viendo mis transacciones reciente y hay un pago que no conozco se podía saber a qué se debe ese pago	hello good, been seeing my recent transactions and there is a payment that I do not know, you could know what that payment is
444	6026671ccfa37e1cf217afdb	es-ES	es	latest_transactions	NOT_DISPUTE	criterion	quiero ver mis últimas transacciones	I want to see my last transactions
445	60266756c7abb7f8321385cb	es-ES	es	latest_transactions	DISPUTE	criterion	quiero ver mis últimas transacciones hay un pago que no reconozco	I want to see my last transactions there is a payment that I do not recognize
446	60265f0ecfa37e1cf217af3e	es-ES	es	latest_transactions	NOT_DISPUTE	criterion	hola estoy llamando a mi banco para consultar las transacciones recientes quería que me proporcionará información acerca de mis últimas transacciones por favor	hello I am calling my bank to check recent transactions I wanted you to provide me with information about my latest transactions please
447	6026639cc7abb7f8321382bc	es-ES	es	latest_transactions	DISPUTE	criterion	hola muy buenas he recibido un poco que no reconozco me gustaría ver las últimas acciones que están en mi cuenta	Hello, very good, I have received a little that I do not recognize I would like to see the last actions that are in my account
448	6026665fc7abb7f832138493	es-ES	es	latest_transactions	NOT_DISPUTE	criterion	hola buenos días mira quisiera conocer cuáles son las transacciones recientes de mi tarjeta de crédito y en mi cuenta bancaria no sé si me las podías facilitar favor	Hello, good morning, look, I would like to know what are the recent transactions on my credit card and in my bank account, I don't know if you could provide them to me, please
449	60266565c7abb7f832138376	es-ES	es	latest_transactions	DISPUTE	criterion	si quería conocer las últimas transacciones de mi cuenta de que hay un cargo que no reconozco bien	if I wanted to know the last transactions of my account that there is a charge that I do not recognize well
450	602666bacfa37e1cf217afcb	es-ES	es	latest_transactions	DISPUTE	criterion	quería ver mis últimas transacciones que hay un pago que no sé qué es	I wanted to see my last transactions that there is a payment that I do not know what it is
451	602669afdc3604f481bcb5ce	es-ES	es	latest_transactions	NOT_DISPUTE	criterion	hola buenos días me podrías mostrar mis últimas acciones	hello good morning could you show me my latest actions
452	602665c9c7abb7f8321383da	es-ES	es	cash_deposit	NOT_DISPUTE	dataset	hola quería saber cómo puedo ingresar dinero en mi cuenta	hello I wanted to know how I can deposit money in my account
453	602661dec7abb7f8321381ba	es-ES	es	cash_deposit	NOT_DISPUTE	dataset	hola buenas me gustaría saber cómo puedo bueno si puedo depositar dinero en mi cuenta y cómo debo cómo debo hacerlo y dónde	hello good I would like to know how can I good if I can deposit money in my account and how should I how should I do it and where
454	60266034c421a821df7c16de	es-ES	es	cash_deposit	NOT_DISPUTE	dataset	hola buenas tardes quisiera depositar dinero cómo lo puedo hacer	hello good afternoon I would like to deposit money how can I do it
455	602664fbdc3604f481bcb4ab	es-ES	es	cash_deposit	NOT_DISPUTE	dataset	hola buenos días llamaba porque quiero recibir información sobre cómo puedo depositar dinero en mi cuenta muchas gracias	Hello, good morning, I was calling because I want to receive information on how I can deposit money in my account, thank you very much
456	602665fdc7abb7f832138416	es-ES	es	cash_deposit	NOT_DISPUTE	dataset	hola mira estaría interesado en realizar un depósito en mi cuenta me podrías decir cómo transfiero el dinero	Hello, look, I would be interested in making a deposit in my account, could you tell me how I transfer the money
457	60266647dc3604f481bcb56e	es-ES	es	cash_deposit	NOT_DISPUTE	dataset	hola quería hacer un ingreso en una cuenta	hello I wanted to make a deposit in an account
458	6026666fc7abb7f8321384a8	es-ES	es	cash_deposit	NOT_DISPUTE	dataset	hola buenos días mira me gustaría saber cómo puedo depositar dinero en mi cuenta bancaria gracias	hello good morning look i would like to know how i can deposit money in my bank account thanks
459	602660e1c7abb7f832138169	es-ES	es	cash_deposit	NOT_DISPUTE	dataset	hola quería hacer un ingreso a mi cuenta me pueden decir cómo depositar dinero en ella cómo puedo transferir dinero de una cuenta a la mía	hello I wanted to make a deposit to my account can you tell me how to deposit money in it how can I transfer money from an account to mine
460	602663c1c7abb7f8321382ce	es-ES	es	cash_deposit	NOT_DISPUTE	dataset	hola buenos días estaba interesado en depositar dinero en mi cuenta y llamará para preguntar el dinero a mi cuenta	hello good morning I was interested in depositing money in my account and will call to ask the money to my account
461	60266591c7abb7f83213839f	es-ES	es	cash_deposit	NOT_DISPUTE	dataset	dónde puedo depositar dinero	where can i deposit money
462	602665e1c421a821df7c1757	es-ES	es	cash_deposit	NOT_DISPUTE	dataset	hola amiga si la calle Serrano y me gustaría saber dónde puedo depositar dinero en mi cuenta si es posible	hello friend if the street Serrano and I would like to know where I can deposit money in my account if possible
463	602665b8c7abb7f8321383c7	es-ES	es	cash_deposit	NOT_DISPUTE	dataset	hola buenas llamaba para preguntar dónde puedo depositar el dinero para la cuenta y bueno también para preguntar cómo puedo transferirlo	Hello, good, I was calling to ask where I can deposit the money for the account and also to ask how I can transfer it
464	6026652cdc3604f481bcb4d0	es-ES	es	cash_deposit	NOT_DISPUTE	dataset	hola bueno llama por acudir preguntar si se puede depositar dinero a mi cuenta	hello good call to come ask if you can deposit money to my account
465	602665b5c7abb7f8321383c6	es-ES	es	cash_deposit	NOT_DISPUTE	dataset	hola buenas quería saber qué tengo que hacer para depositar dinero en mi cuenta donde y como y cuánto sería la cantidad mínima para poder realizar este depósito	hello good I wanted to know what I have to do to deposit money in my account where and how and how much would be the minimum amount to make this deposit
466	6026667bc7abb7f8321384b7	es-ES	es	cash_deposit	NOT_DISPUTE	dataset	hola me gustaría saber cómo transferir dinero a mi cuenta gracias	hello I would like to know how to transfer money to my account thanks
467	60266538c7abb7f832138354	es-ES	es	cash_deposit	NOT_DISPUTE	dataset	buenos días me cree la cuenta recientemente me gustaría saber dónde puedo depositar dinero y cuánto	good morning I created the account recently I would like to know where I can deposit money and how much
468	602664bddc3604f481bcb471	es-ES	es	cash_deposit	NOT_DISPUTE	dataset	mira me acabo de abrir una nueva cuenta y quería saber cuál métodos que me disponible para depositar dinero o transferir dinero de unas cuantas a otras	Look, I just opened a new account and I wanted to know what methods are available to me to deposit money or transfer money from a few to others
469	60266619c7abb7f832138435	es-ES	es	cash_deposit	NOT_DISPUTE	dataset	quisiera saber cómo depositar dinero en mi cuenta	I would like to know how to deposit money in my account
470	60266663cfa37e1cf217afbd	es-ES	es	cash_deposit	NOT_DISPUTE	dataset	hola buenos días llamaba porque me gustaría depositar dinero en mi cuenta hacer un ingreso pero no sé cómo hacerlo necesitaría ayuda	Hello, good morning, I was calling because I would like to deposit money in my account, make a deposit but I don't know how to do it, I would need help
471	60266216c421a821df7c16fc	es-ES	es	cash_deposit	NOT_DISPUTE	dataset	dónde puedo depositar mi dinero	where can i deposit my money
472	60266558c7abb7f83213836e	es-ES	es	cash_deposit	NOT_DISPUTE	dataset	cómo podría depositar dinero o transferir dinero de esta cuenta	how you could deposit money or transfer money from this account
473	60266325c7abb7f83213825e	es-ES	es	cash_deposit	NOT_DISPUTE	dataset	hola cómo puedo cómo puedo depositar mi dinero	hello how can i how can i deposit my money
474	60266675c7abb7f8321384b2	es-ES	es	cash_deposit	NOT_DISPUTE	dataset	hola buenos días quisiera saber instrucciones para ver dónde puedo depositar dinero y como tendría que hacerlo así como si quiero transferir dinero a la cuenta gracias	Hello, good morning, I would like to know instructions to see where I can deposit money and how I should do it as well as if I want to transfer money to the account, thank you
475	6026657dc7abb7f83213838a	es-ES	es	cash_deposit	NOT_DISPUTE	dataset	hola quiero que cogí tarde yo mi cuenta	hello I want that I took my account late
476	602664aadc3604f481bcb461	es-ES	es	cash_deposit	NOT_DISPUTE	dataset	hola muy buenas quiero depositar dinero en la cuenta pero no tengo muy claro cómo hacerlo	Hello, very good, I want to deposit money in the account but I am not sure how to do it
477	6026626dc7abb7f8321381f5	es-ES	es	cash_deposit	NOT_DISPUTE	dataset	depositar dinero	Deposit money
478	60266646c7abb7f83213846f	es-ES	es	cash_deposit	NOT_DISPUTE	dataset	necesito depositar un dinero en efectivo en mi cuenta entonces quisiera saber cuál es la manera más fácil de hacerlo	I need to deposit cash in my account so I would like to know what is the easiest way to do it
479	6026634fc7abb7f83213827e	es-ES	es	cash_deposit	NOT_DISPUTE	dataset	buenos días me gustaría depositar dinero en mi cuenta	good morning I would like to deposit money in my account
480	60265d7cc7abb7f832138131	es-ES	es	cash_deposit	NOT_DISPUTE	dataset	hola buenas tardes mira me gustaría depositar dinero en mi cuenta de banco	hello good afternoon look i would like to deposit money in my bank account
481	60266666dc3604f481bcb57a	es-ES	es	cash_deposit	NOT_DISPUTE	dataset	dinero depositar dinero	money deposit money
482	6026655ac7abb7f832138370	es-ES	es	cash_deposit	NOT_DISPUTE	dataset	qué tengo que hacer para meter dinero en mi cuenta	what do I have to do to put money in my account
483	60266649c7abb7f832138472	es-ES	es	cash_deposit	NOT_DISPUTE	dataset	hola buenas mira llamaba porque quiero hacer un ingreso en mi cuenta	hello good look I was calling because I want to make a deposit in my account
484	6026666cc7abb7f8321384a2	es-ES	es	cash_deposit	NOT_DISPUTE	dataset	cómo transferir dinero a la cuenta	how to transfer money to account
485	6026665ac7abb7f83213848b	es-ES	es	cash_deposit	NOT_DISPUTE	dataset	cómo transfiero dinero a la cuenta donde puedo depositar el dinero	how do i transfer money to the account where i can deposit the money
486	response_4	pt-PT	pt	cash_deposit	NOT_DISPUTE	dataset	Bom dia estou a ligar porque precisava de informações sobre como é que eu posso depositar dinheiro na minha conta	Good morning I'm calling because I needed information on how I can deposit money into my account
487	response_17	pt-PT	pt	cash_deposit	NOT_DISPUTE	dataset	Como faço para transferir dinheiro para a minha conta	How do I transfer money to my account
488	CAc7662a7f6396ecc9e2ddf62c3e6b4e40_0	pt-PT	pt	cash_deposit	NOT_DISPUTE	dataset	estava interessado em depositar dinheiro na minha conta e em primeiro lugar queria perguntar se era possível se posso visitar e como é que posso transferir dinheiro para a conta ou se tem que ir ao banco Onde posso fazer esse esse propósito se calhar é isso	i was interested in depositing money in my account and first of all i wanted to ask if it was possible if i can visit and how i can transfer money to the account or if i have to go to the bank where can i do that purpose maybe this is it
489	CAcf6959dec016c0b565930f88c98e4f21_0	pt-PT	pt	cash_deposit	NOT_DISPUTE	dataset	Onde posso depositar meu dinheiro	Where can I deposit my money
490	CAbb63e289bb0675503debcf0677b3021f_0	pt-PT	pt	cash_deposit	NOT_DISPUTE	dataset	Gostaria de saber como é que posso transferir dinheiro para a minha conta	I would like to know how I can transfer money to my account
491	response_16	pt-PT	pt	cash_deposit	NOT_DISPUTE	dataset	Olá bom dia estou a ligar porque eu gostava de saber como é que posso fazer para depositar dinheiro por favor	Hello good morning I'm calling because I would like to know how can I do to deposit money please
492	response_7	pt-PT	pt	cash_deposit	NOT_DISPUTE	dataset	Como é que faço para colocar dinheiro própria conta	How do I put money into account
493	response_14	pt-PT	pt	cash_deposit	NOT_DISPUTE	dataset	posso depositar dinheiro	can i deposit money
494	CA36bc2a3d8fc9ac601d5b3959f0014004_0	pt-PT	pt	cash_deposit	NOT_DISPUTE	dataset	não Como faço para transferir dinheiro para conta Como poderei depositar o dinheiro Onde posso cozinhar o dinheiro	no How do I transfer money to an account How can I deposit money Where can I cook money
495	response_15	pt-PT	pt	cash_deposit	NOT_DISPUTE	dataset	hello I'm calling you Out To deposit money in my Bag House	hello I'm calling you Out To deposit money in my Bag House
496	response_6	pt-PT	pt	cash_deposit	NOT_DISPUTE	dataset	precisava depositar dinheiro na minha conta Por favor o que é que é preciso fazer	needed to deposit money in my account please what do i need to do
497	response_11	pt-PT	pt	cash_deposit	NOT_DISPUTE	dataset	depositar dinheiro	cash deposit
498	response_10	pt-PT	pt	cash_deposit	NOT_DISPUTE	dataset	Hello I like to put money on my account How can I Switch	Hello I like to put money on my account How can I Switch
499	response_3	pt-PT	pt	cash_deposit	NOT_DISPUTE	dataset	Bom dia daqui fala o vosso banco eu gostava de saber se podia depositar dinheiro na minha conta ou transferir tenho de ir a um tenho de ir a uma filial da Internet Obrigado pela atenção	Good morning from here speak to your bank I would like to know if I could deposit money in my account or transfer I have to go to one I have to go to an Internet branch Thank you for your attention
500	response_1	pt-PT	pt	cash_deposit	NOT_DISPUTE	dataset	Boa tarde gostava de saber como é que deposita dinheiro na minha conta distante tirar um dos estabelecimentos posso fazer uma caixa uma caixa de qualquer outro lado	Good afternoon I would like to know how you deposit money in my distant account take out one of the establishments I can make a box a box anywhere else
501	CA57d0d83d4cc7ace949e5e9aa0c5aebd6_2	pt-PT	pt	cash_deposit	NOT_DISPUTE	dataset	Olá bom dia Preciso fazer um depósito e gostaria de saber como é que eu posso fazer	Hello good morning i need to make a deposit and i would like to know how can i make
502	response_12	pt-PT	pt	cash_deposit	NOT_DISPUTE	dataset	como acha que deve tomar para transferir dinheiro da minha conta	how do you think you should take to transfer money from my account
503	CAe91df144daeebe42916e7b269752b336_2	pt-PT	pt	cash_deposit	NOT_DISPUTE	dataset	Olá boa tarde eu estou a ligar porque desejo depositar dinheiro na minha conta e preciso de saber se posso se posso depositar neste momento Como faço para transferir o dinheiro para a conta e onde posso cosita esse dinheiro	Hello good afternoon I'm calling because I want to deposit money into my account and I need to know if I can deposit at this moment How do I transfer the money to the account and where can I deposit that money
504	response_13	pt-PT	pt	cash_deposit	NOT_DISPUTE	dataset	gostaria de pedir dinheiro como é que faço para transferir para outra conta Onde posso juntar dinheiro	i would like to ask for money how do i transfer to another account where can i collect money
505	CA59aeb34ba21bacedbfd65622d938f401_0	pt-PT	pt	cash_deposit	NOT_DISPUTE	dataset	posso depositar o dinheiro como é que eu faço para transferir o dinheiro para a conta Em que sítio é que eu posso depositar o dinheiro podia ajudar me	can i deposit money how do i transfer money to account Where can i deposit money could help me
506	CAe5b165ff52f00965aa71a371c0d78cd1_6	pt-PT	pt	cash_deposit	NOT_DISPUTE	dataset	Olá boa tarde gostava de ter um depósito na minha conta podia-me de construir os passos para perceber se pode tu	Hello good afternoon i would like to have a deposit in my account i could build the steps to see if you can
507	CA2aaacf2a55aada8a39f5926cc75eb1d4_0	pt-PT	pt	cash_deposit	NOT_DISPUTE	dataset	Olá eu gostava de saber como é que eu posso escrever depositar dinheiro na minha conta	Hello i was wondering how can i write deposit money into my account
508	CAd18fabf8f807c01b135fd86f438dd425_0	pt-PT	pt	cash_deposit	NOT_DISPUTE	dataset	Olá boa tarde eu Basicamente tenho dinheiro que eu gostaria depositar a minha conta e gostaria de saber como é que eu podia fazer se faz favor	Hello good afternoon I basically have money that I would like to deposit my account with and I would like to know how I could do it please
509	CA5bbbff912ed3253d2f7c582ccdb1c1f5_2	pt-PT	pt	cash_deposit	NOT_DISPUTE	dataset	queria saber se posso depositar dinheiro	I was wondering if I can deposit money
510	CAceb1a8c1be7c56919cc661be609f3aef_0	pt-PT	pt	cash_deposit	NOT_DISPUTE	dataset	Boa tarde eu gostaria de depositar dinheiro na minha conta Gostaria de saber como fazer isso	Good afternoon I would like to deposit money in my account I would like to know how to do this
511	CAb48bd205ef3e6990dddc6d27d686aeff_0	pt-PT	pt	cash_deposit	NOT_DISPUTE	dataset	Olá boa tarde gostaria de saber como é que posso depositar dinheiro	Hello good afternoon i would like to know how can i deposit money
512	CAb48bd205ef3e6990dddc6d27d686aeff_1	pt-PT	pt	cash_deposit	NOT_DISPUTE	dataset	Ok obrigado e depois como é que eu posso transferir dinheiro para a conta	Ok thanks and then how can I transfer money to the account
513	CA472b76da9372b67a022b7fd25570b451_0	pt-PT	pt	cash_deposit	NOT_DISPUTE	dataset	Como faço para transferir dinheiro para a conta	How do I transfer money to the account
514	CA3c4aac18cf348d4205c651ff3cb0e470_0	pt-PT	pt	cash_deposit	NOT_DISPUTE	dataset	E agora mal pretendo depositar dinheiro quais são as opções que eu tenho	And now I barely intend to deposit money what are the options I have
515	response_23	pt-PT	pt	cash_deposit	NOT_DISPUTE	dataset	posso depositar dinheiro como faço para transferir dinheiro para a conta Onde posso depositar dinheiro	can i deposit money how do i transfer money to the account where can i deposit money
516	response_21	pt-PT	pt	cash_deposit	NOT_DISPUTE	dataset	Bom dia eu estou a falar com o banco eu tinha uma dúvida Gostaria de saber como é que eu posso depositar dinheiro na minha conta ou se pode ser por transferência se tenho dirigir um balcão como é que eu posso fazer este depósito	Good morning I'm talking to the bank I had a question I would like to know how I can deposit money into my account or if it can be by transfer if I have to manage a counter how can I make this deposit
517	CA32bedd6f73b94b7afa82b75448595e33_3	pt-PT	pt	cash_deposit	NOT_DISPUTE	dataset	posso depositar dinheiro	can i deposit money
518	response_20	pt-PT	pt	cash_deposit	NOT_DISPUTE	dataset	Como faço para transferir o dinheiro para conta	How do I transfer money to account
519	CA205f99ff45a3b0ed47731ab5e7907a1d_0	pt-PT	pt	cash_deposit	NOT_DISPUTE	dataset	Eu gostava de te deitar dinheiro na minha conta como é que eu faço E onde é que eu faço para isso acontecer	I would like to pour money into my account how do I do it And where do I make it happen
520	response_18	pt-PT	pt	cash_deposit	NOT_DISPUTE	dataset	Boa tarde mano como é que vais fazer para depositar dinheiro na minha conta	Good afternoon bro how are you going to do to deposit money in my account
521	response_24	pt-PT	pt	cash_deposit	NOT_DISPUTE	dataset	não posso depositar dinheiro na minha conta	I cannot deposit money into my account
522	CA3297da62621739854b3b1a442e832f52_3	pt-PT	pt	cash_deposit	NOT_DISPUTE	dataset	Eu precisava de fazer um depósito na minha conta	I needed to make a deposit to my account
523	response_25	pt-PT	pt	cash_deposit	NOT_DISPUTE	dataset	Olá bom dia eu abri uma conta a pouco tempo e gostaria de perceber de que maneira posso depositar dinheiro ou como é que faço para transferir dinheiro para a minha conta atual da minha conta anterior e onde é que eu posso fazer	Hello good morning I opened an account recently and I would like to understand how I can deposit money or how I can transfer money to my current account from my previous account and where I can do it
524	response_8	pt-PT	pt	cash_deposit	NOT_DISPUTE	dataset	Eu queria depositar dinheiro na minha conta e queria saber onde é que eu posso depositar esse dinheiro	I wanted to deposit money into my account and wanted to know where I can deposit that money
525	CA32bedd6f73b94b7afa82b75448595e33_4	pt-PT	pt	cash_deposit	NOT_DISPUTE	dataset	Obrigado Como faço para transferir dinheiro para a conta	Thank you How do I transfer money to the account
526	response_26	pt-PT	pt	cash_deposit	NOT_DISPUTE	dataset	Boa tarde eu gostaria depositar na minha conta	Good afternoon I would like to deposit in my account
527	response_9	pt-PT	pt	cash_deposit	NOT_DISPUTE	dataset	posso depositar dinheiro como faço para transferir dinheiro para a conta	can i deposit money how do i transfer money to account
528	response_4	pt-PT	pt	high_value_payment	NOT_DISPUTE	dataset	Eu queria fazer um pagamento online de levar uma grande quantia e fui informada que me enviaram código confirmação por SMS	I wanted to make an online payment to take a large amount and I was informed that they sent me a confirmation code by SMS
529	response_17	pt-PT	pt	high_value_payment	NOT_DISPUTE	dataset	Olá eu gostaria de ser um pimento caro e disseram-me que ia receber um SMS E este é o código 1234 Como devo proceder agora	Hello I would like to be an expensive pepper and I was told I was going to receive an SMS And this is the code 1234 How should I proceed now
530	response_16	pt-PT	pt	high_value_payment	NOT_DISPUTE	dataset	quero ajuda para pagar uma grande quantia	I want help to pay a large amount
531	response_5	pt-PT	pt	high_value_payment	NOT_DISPUTE	dataset	eu estou a tentar fazer um pagamento só que estou a receber uma mensagem SMS com os códigos e eu não sei o que é que vou fazer com esse número que eu receber	I'm trying to make a payment only that I'm receiving an SMS message with the codes and I don't know what I'm going to do with that number that I receive
532	response_7	pt-PT	pt	high_value_payment	NOT_DISPUTE	dataset	Olá boa tarde eu estou a tentar fazer um pagamento de uma cantiga elevada e diz que Ajudar a escolher um sms com um código para confirmar mas não sei o que fazer com este SMS é que tem que meter aonde	Hello good afternoon I am trying to make a payment for a high song and says that Helping to choose an SMS with a code to confirm but I don't know what to do with this SMS is where you have to go where
533	response_14	pt-PT	pt	high_value_payment	NOT_DISPUTE	dataset	Estou bom dia eu estou a tentar fazer um pagamento online de uma grande quantia e isto diz que o banco e vai enviar um código de confirmação por sms mas eu não sei o que é que hei de fazer com o código de que hei-de receber SMS não sabias o propósito de solário obrigado	I'm good morning I'm trying to make a large online payment and this says that the bank will send a confirmation code by SMS but I don't know what I will do with the code that I will receive SMS did not know the purpose of solarium thank you
534	response_29	pt-PT	pt	high_value_payment	NOT_DISPUTE	dataset	estou aqui está a fazer um pagamento com uma quantia bastante grande mas todos uma mensagem de texto e eu não sei o que é suposto fazer com o código de envio pode me ajudar se faz favor	I'm here is making a payment with a very large amount but all a text message and I don't know what I'm supposed to do with the shipping code can help me please
535	response_39	pt-PT	pt	high_value_payment	NOT_DISPUTE	dataset	Boa tarde Estava interessado em fazer um um pagamento de uma grande quantia de dinheiro mas não estou a conseguir fazer recebi um sms mas não sei quais os próximos passos a seguir	Good afternoon I was interested in making a payment for a large amount of money but I am not able to do it I received an SMS but I don't know what the next steps are to follow
536	response_11	pt-PT	pt	high_value_payment	NOT_DISPUTE	dataset	Estou tentando fazer um grande pagamento online e diz que estou recebendo uma mensagem de texto Não sei o que essas mensagens sms com códigos pagamento que recebo devem fazer	I'm trying to make a big payment online and it says I'm getting a text message I don't know what those sms messages with payment codes I get should do
537	response_38	pt-PT	pt	high_value_payment	NOT_DISPUTE	dataset	tava a ligar porque precisava de fazer um grande pagamento online e está a dizer que eu preciso para receber uma mensagem de texto Não sei o que é que é preciso fazer Precisava da vossa ajuda para me ajudar a passar o pagamento	I was calling because I needed to make a big payment online and are saying that I need to receive a text message I don't know what I need to do I needed your help to help me pass the payment
538	CAd656408cc508dabf1ef4bd16c6e6e025_0	pt-PT	pt	high_value_payment	NOT_DISPUTE	dataset	eu estava a tentar pagar uma grande quantia mas é um é um grande pagamento um pagamento muito dinheiro e estou a tentar fazer o pagamento online e estou a receber uma mensagem de texto e e tu	I was trying to pay a large amount but it's a big payment, a lot of money and I'm trying to make the payment online and I'm receiving a text message and you
539	response_12	pt-PT	pt	high_value_payment	NOT_DISPUTE	dataset	Olá bom dia eu estou a tentar fazer um pagamento online de um valor bastante alto e diz que vou receber uma mensagem de texto e gostava de saber perceber como é que funciona como é que devo proceder Relativamente a essa mensagem Obrigada	Hello good morning I am trying to make a very high online payment and say that I will receive a text message and I would like to know how it works how I should proceed Regarding that message Thank you
540	CAb618b1d3a0b4b102f5fe6cb96687b56a_1	pt-PT	pt	high_value_payment	NOT_DISPUTE	dataset	Eu queria pagar uma compra fixe mas a conta é um bocado cara é acima de 1000 € e precisava de autorização do banco para me enviar um código Eu estou a fazer um pagamento do carro estou a receber códigos por mensagens que é que estes códigos são para fazer	I wanted to pay for a cool purchase but the bill is a bit expensive, it is over 1000 € and I needed authorization from the bank to send me a code. I am making a payment for the car. do
541	CA939d05b1d67639671b874e557350c19f_0	pt-PT	pt	high_value_payment	NOT_DISPUTE	dataset	Olá boa tarde diga-me para fazer um pagamento online e ele também não consegues são e ao mesmo tempo recebendo as mensagens telefone na cara um pouco mais que isso funciona	Hello good afternoon tell me to make an online payment and he is also unable and at the same time getting the phone messages in the face a little more that this works
542	response_40	pt-PT	pt	high_value_payment	NOT_DISPUTE	dataset	Bom dia eu recebi uma mensagem de voz banco com código de confirmação por SMS eu gostaria de saber onde é que se realiza o pagamento e onde é que se pode ser esse código pronto é uma grande quantia uma grande Quantia a ir quero todos os cuidados possíveis	Good morning I received a bank voice message with SMS confirmation code I would like to know where the payment is made and where this code can be done is a large amount a large amount to go I want all possible care
543	response_42	pt-PT	pt	high_value_payment	NOT_DISPUTE	dataset	Boa tarde eu estou a tentar fazer um pagamento de uma certa quantia e está-me a dizer que o banco me vai mandar um código por sms mas eu não sei onde é que devo colocar esse código	Good afternoon I am trying to make a payment for a certain amount and you are telling me that the bank will send me a code by SMS but I don't know where I should put that code
544	CA99a95c3552ad7740cc62565884f3e5d8_0	pt-PT	pt	high_value_payment	NOT_DISPUTE	dataset	Boa tarde Estou tentando fazer um pagamento online e diz que estou a escrever uma mensagem de texto só que eu não sei que essas mensagens sms O que é que eu disse o que é que eu tenho que fazer com elas	Good afternoon I'm trying to make a payment online and says that I'm writing a text message only that I don't know that these sms messages What did I say what do I have to do with them
545	response_36	pt-PT	pt	high_value_payment	NOT_DISPUTE	dataset	não sei o que fazer com os códigos SMS confirmação que estou a receber	I don't know what to do with the confirmation SMS codes I'm receiving
546	CA82d246d317e1620a07faea7316920028_0	pt-PT	pt	high_value_payment	NOT_DISPUTE	dataset	preciso do código para poder enviar dinheiro uma grande quantia de dinheiro	I need the code to be able to send money a large amount of money
547	response_35	pt-PT	pt	high_value_payment	NOT_DISPUTE	dataset	estou a tentar fazer um pagamento online mas aqui para receber uma mensagem de texto Não sei não sei o que essas mensagens sms com códigos pagamento não sei o que devo fazer	i'm trying to make a payment online but here to receive a text message i don't know i don't know what those sms messages with payment codes don't know what i should do
548	response_21	pt-PT	pt	high_value_payment	NOT_DISPUTE	dataset	Bom dia Estou a tentar fazer o pagamento online e diz que manda uma mensagem mas não recebi nenhuma ocupado fazer obrigada	Good morning I'm trying to make the payment online and says you send a message but I didn't get any busy thanks
549	response_20	pt-PT	pt	high_value_payment	NOT_DISPUTE	dataset	Bom dia Estou a tentar fazer um pagamento online e diz que estou para receber uma mensagem de texto e eu não sei se esta mensagem de texto é como é que funciona poderia me ajudar por favor	Good morning I'm trying to make a payment online and says I'm about to receive a text message and I don't know if this text message is how it works could you help me please
550	CAb13f3ce21edbf8597617757ed9b479e8_0	pt-PT	pt	high_value_payment	NOT_DISPUTE	dataset	Estou tentando fazer um grande pagamento online diz que recebeu uma mensagem de texto	I'm trying to make a big payment online says you received a text message
551	response_30	pt-PT	pt	high_value_payment	NOT_DISPUTE	dataset	Boa tarde eu sou a fazer um pagamento uma grande quantia e está a dizer que estava a enviar um SMS confirmação só que ainda não recebi nada não sei o que é que posso fazer	Good afternoon I am making a large payment and you are saying I was sending an SMS confirmation only I have not received anything yet I don't know what I can do
552	response_24	pt-PT	pt	high_value_payment	NOT_DISPUTE	dataset	Bom dia Estou a tentar fazer um grande pagamento online e Supostamente tem que ser uma mensagem de texto mas não sei o que é que é suposto fazer com ela pode me explicar	Good morning I'm trying to make a big payment online and it's supposed to be a text message but I don't know what I'm supposed to do with it can you explain
553	CAce29c264fcbbfbbae0dfd2147e6aacdf_2	pt-PT	pt	high_value_payment	NOT_DISPUTE	dataset	elemento Casta tentando fazer um grande pagamento online diz que estou a receber uma mensagem de texto Não sei se estas mensagens sms com código para receber	Casta element trying to make a big payment online says I'm receiving a text message I don't know if these sms with code to receive
554	response_31	pt-PT	pt	high_value_payment	NOT_DISPUTE	dataset	Boa tarde eu estou a fazer um pagamento online é normal receber uma mensagem de confirmação por SMS	Good afternoon I am making an online payment It is normal to receive a confirmation message by SMS
555	response_27	pt-PT	pt	high_value_payment	NOT_DISPUTE	dataset	Bom dia Estou a fazer um pagamento um bocadinho grande e estou a dizer que eu tenho que aceitar uma mensagem SMS por ainda não sei muito bem como é que eu uso Pode me explicar	Good morning I'm making a payment a little big and I'm saying that I have to accept an SMS message because I still don't know how to use it Can you explain me
556	CAd4c3ef3698f4f5e92c5e586ccacb36fb_0	pt-PT	pt	high_value_payment	NOT_DISPUTE	dataset	Olá estou a tentar fazer um pagamento online diz que estou nem uma mensagem de texto	Hello i'm trying to make an online payment says i'm not even a text message
557	response_32	pt-PT	pt	high_value_payment	NOT_DISPUTE	dataset	estou a tentar fazer um grande pagamento online diz que recebeu a mensagem de texto	i am trying to make a big payment online says you received the text message
558	response_26	pt-PT	pt	high_value_payment	NOT_DISPUTE	dataset	estou a tentar fazer um pagamento de uma quantia muito elevada mas estou a receber um Código de sms Eu não sei o que é que isso significa que poderia fazer	i am trying to make a very large payment but i am receiving an sms code i don't know what that means i could do
559	CA08d134ed2c9a5a8682adce9b8c4abd0c_0	pt-PT	pt	high_value_payment	NOT_DISPUTE	dataset	pagamento de caro Estou tentando fazer uma grande pagamento online e diz que estou recebendo a mensagem de texto Não sei o que essas mensagens sms com os códigos pagamento que percebe que devem fazer	expensive payment i'm trying to make a big payment online and it says i'm getting the text message i don't know what those sms messages with the payment codes you realize they should do
560	response_9	pt-PT	pt	high_value_payment	NOT_DISPUTE	dataset	Olá estou a tentar fazer o pagamento de uma larga Soma e diz que tenho que receber uma mensagem de texto como é que devo proceder	Hello I am trying to make a large sum payment and says I have to receive a text message how should I proceed
561	CA4f94473a51ab62651530732fb123bb43_0	pt-PT	pt	latest_transactions	DISPUTE	criterion	Bom dia poderia por favor Mostrar nas minhas últimas transações porque aqui um problema que que é um pagamento que eu não conheço por favor Poderia por favor ajudar-me	Good morning, could you please show me in my last transactions because here is a problem that is a payment that I don't know please Could you please help me
562	response_4	pt-PT	pt	latest_transactions	NOT_DISPUTE	criterion	mostra-me as minhas últimas transações	show me my latest transactions
563	response_17	pt-PT	pt	latest_transactions	DISPUTE	criterion	liga para aqui um pagamento das minhas últimas transações que eu não escutei Será que podem cancelar obrigado	call here a payment for my last transactions that I didn't hear Could they cancel thanks
564	CAf5834c818858e72d68763bc33185ce07_0	pt-PT	pt	latest_transactions	DISPUTE	criterion	quando eu tento levantar um extrato da minha conta aparece uma operação não autorizada	when I try to withdraw an account statement an unauthorized transaction appears
565	response_16	pt-PT	pt	latest_transactions	UNSURE	criterion	Bom dia Gostaria de ver as últimas transações efetuadas Existe algum existe um pagamento que eu não estou a reconhecer Afinal conheço pagamento	Good morning I would like to see the last transactions made Is there any payment that I am not recognizing After all I know payment
566	CA8d9128d6905f275a443df197f0cf16be_0	pt-PT	pt	latest_transactions	NOT_DISPUTE	criterion	Olá eu precisava de saber mais informações sobre os movimentos que estão acontecendo na minha conta	Hello i needed to know more information about the movements that are happening in my account
567	response_5	pt-PT	pt	latest_transactions	NOT_DISPUTE	criterion	Boa tarde eu sou ligar porque tenho aqui falta de informação sobre uma das minhas últimas transações que fiz	Good afternoon I'm calling because I have a lack of information about one of my last transactions here
568	CA400800005fc83c96273df8dc182c5f36_3	pt-PT	pt	latest_transactions	NOT_DISPUTE	criterion	mostra-me as minhas últimas transações por favor	show me my latest transactions please
569	response_2	pt-PT	pt	latest_transactions	DISPUTE	criterion	Boa tarde Gostaria de ver as minhas últimas transações reparei que existe um pagamento no dia 15 do 1 de 2021 que não reconhece podemos explicar a quando este pagamento foi feito ou para quem	Good afternoon I would like to see my last transactions I noticed that there is a payment on the 15th of the 1st of 2021 that does not recognize we can explain when this payment was made or to whom
570	CA113dc497660a0bb209598ba90cfb9f71_2	pt-PT	pt	latest_transactions	DISPUTE	criterion	Eu estou a ligar por causa do movimento transações que eu estou a ver na minha na minha conta corrente e não não recordo gostava de ir ver mais deste ficavas porque não as reconhece	I'm calling because of the transaction transactions that I'm seeing in my account and I don't remember I would like to see more of this you stayed because you don't recognize them
571	response_11	pt-PT	pt	latest_transactions	NOT_DISPUTE	criterion	Boa tarde sou ligar porquê gostaria de ser as minhas transações recentes poderíamos mostrar e Sim eu conheço	Good afternoon I'm calling because I would like to be my recent transactions we could show and Yes I know
572	CA1429cc05c76cd701850d07635532712d_0	pt-PT	pt	latest_transactions	DISPUTE	criterion	Olá bom dia Era para saber se poderia ver as minhas transações durante o último mês porque eu recebi uma notificação a dizer que tive um pagamento a fazer E eu não reconheço esse pagamento Gostaria de saber que transações eu fiz e não é que venha esse tal pagamento	Hello good morning I was wondering if I could see my transactions during the last month because I received a notification saying that I had a payment to make And I do not recognize that payment I would like to know what transactions I made and it is not that such payment comes
573	response_10	pt-PT	pt	latest_transactions	UNSURE	criterion	mostra-me as últimas transações a um pagamento que não conhece e reconhece	show me the latest transactions for a payment you don’t know and recognize
574	CA400800005fc83c96273df8dc182c5f36_6	pt-PT	pt	latest_transactions	DISPUTE	criterion	não pagamento que não conheço	no payment I don't know
575	response_3	pt-PT	pt	latest_transactions	NOT_DISPUTE	criterion	por favor mostra-me as minhas últimas transações	please show me my latest transactions
576	CAba84e009468fa4f3be3347263e020a4c_0	pt-PT	pt	latest_transactions	DISPUTE	criterion	Bom dia eu estou a ligar para saber se podiam podiam Mostrar nas transações ou lideram instalações as últimas a um uma transferência uma transferência de dinheiro que não reconhece assim não dá Desculpa o incómodo boa tarde	Good morning, I'm calling to see if they could show the transactions or lead the last installations to a transfer, a transfer of money that you don't recognize, so no excuse the inconvenience, good afternoon
577	CAf2aa6ae60f94a8de85cdf160289f81d2_3	pt-PT	pt	latest_transactions	NOT_DISPUTE	criterion	Eu gostava de ver as minhas transações recentes	I would like to see my recent transactions
578	CAbf43ca3c786a7f75ce5bd03cd16cc202_0	pt-PT	pt	latest_transactions	NOT_DISPUTE	criterion	eu gostaria que me mostrassem as últimas transações efetuadas na minha conta Por favor	I would like to be shown the latest transactions on my account Please
579	CA7654d7470f3603d1e580f23852632397_0	pt-PT	pt	latest_transactions	NOT_DISPUTE	criterion	Olá gostaria de saber as minhas transações recentes	Hello I would like to know my recent transactions
580	CA94add4ef1067dca2587cba154fd4a827_2	pt-PT	pt	latest_transactions	NOT_DISPUTE	criterion	Eu gostava de saber qual é as minhas transações Como é que eu posso Verificar as minhas transações nos últimos meses não consigo consultar ultimamente eu gostava de saber como consultar	I would like to know what my transactions are How can I check my transactions in the last few months I cannot consult lately I would like to know how to consult
581	CA769086a4528dd875aeae79add6cb7441_2	pt-PT	pt	latest_transactions	DISPUTE	criterion	muito boa tarde gostaria que me puseste Mostrar as minhas últimas transações faz favor pagamento que eu não reconheço e eu gostaria de ver as minhas últimas transações	very good afternoon i would like you to show me my latest transactions please pay that i do not recognize and i would like to see my latest transactions
582	CA7d424a4e129c3c2729a254a5106d5d4c_4	pt-PT	pt	latest_transactions	NOT_DISPUTE	criterion	Boa tarde eu gostaria de saber quais é que são as minhas últimas transações é possível saber este esta atividade	Good afternoon I would like to know what my last transactions are, it is possible to know this activity
583	CA5beadd95ee09dc391945eeebf9dbae96_0	pt-PT	pt	latest_transactions	UNSURE	criterion	Eu estou aqui a ver um problema que não consigo entender que queria saber quais são as últimas atrações porque estão aqui questões que eu não consigo perceber	I'm here seeing a problem that I can't understand that I wanted to know what are the latest attractions because here are issues that I can't understand
584	CA0d875f8c4422ed896e18d84f199edb48_1	pt-PT	pt	latest_transactions	DISPUTE	criterion	Eu estou a ligar para resolver sobre transações correntes Eu queria ver as unhas últimas transações porque eu acabei de verificar que há aqui um pagamento que eu não conheço então Queria ver com vocês O que é que vocês têm aí que ver o que é que eu tenho aqui e comprar porque não me parece muito bem que	I'm calling to settle current transactions I wanted to see the latest transactions because I just verified that there is a payment here that I don't know so I wanted to see with you What do you have there to see what I have here and buy because it doesn't look too good that
585	CA1d5476d7494d7a260d18f93492bd3a0c_1	pt-PT	pt	latest_transactions	DISPUTE	criterion	Olá boa noite Eu gostaria de saber sobre umas Tentações repentes que fiz na minha conta penso que é um pagamento numa das Tentações que não estou a reconhecer	Hello good night I would like to know about some sudden Temptations that I made in my account I think it is a payment in one of the Temptations that I am not recognizing
586	response_22	pt-PT	pt	latest_transactions	DISPUTE	criterion	boa tarde O que se passa o seguinte eu verifiquei que no registo as minhas transações Está lá um pagamento que eu não estou a reconhecer e como tal Gostaria de ver em maior detalhe essa mesma transação para compreender o que é que efetivamente	good afternoon What's up I checked that in the register my transactions There is a payment that I am not recognizing and as such I would like to see in more detail that same transaction to understand what is actually
587	CA25ecf41d3eb363ae8ecccb3b89bbdf1a_0	pt-PT	pt	latest_transactions	UNSURE	criterion	Gostava de ver as minhas últimas transações aquilo aquilo que eu estou a conhecer e Gostaria de conseguir ver porque tenho medo de estar a ser falado Gostava de ver as minhas últimas transações mas pronto aqui o pagamento	I would like to see my latest transactions what I am getting to know and I would like to be able to see why I am afraid of being talked about I would like to see my latest transactions but here the payment is ready
588	response_20	pt-PT	pt	latest_transactions	NOT_DISPUTE	criterion	Quero ver as transações correntes	I want to see current transactions
589	response_24	pt-PT	pt	latest_transactions	DISPUTE	criterion	Boa tarde está aqui um pagamento da minha conta bancária que é duvidoso porque eu não fiz e não sei onde é que ele vai te entregar umas transações eu agradecia para ter a certeza que não estou a ver mal mas gostava dessas neste caso	Good afternoon, here is a payment from my bank account, which is doubtful because I didn’t do it and I don’t know where he’s going to hand you some transactions.
590	CA3596150b2b544a20e3aa90ffdf493a18_0	pt-PT	pt	latest_transactions	DISPUTE	criterion	muito boa tarde eu tenho aqui um problema eu estava aqui analisar as minhas transações e vem aqui um pagamento que eu não conheço e gostava de saber qual é a origem do mesmo Ela sabe quem é que foi a entidade que me meteu este revista obrigado	very good afternoon i have a problem here i was here analyzing my transactions and here comes a payment that i don't know and i would like to know the origin of it It knows who was the entity that put this magazine in thanks
591	response_19	pt-PT	pt	latest_transactions	DISPUTE	criterion	eu estava a ligar porque tenho aqui um pagamento que eu não estou a reconhecer Gostava de saber se me podia mostrar as minhas últimas transações para conseguir perceber onde é que essa história situado para tentar reconhecer o pagamento Ok muito obrigada	I was calling because I have a payment here that I am not recognizing I would like to know if you could show me my last transactions to be able to understand where this story is located to try to recognize the payment Ok thank you very much
592	response_8	pt-PT	pt	latest_transactions	DISPUTE	criterion	Bom dia Gostaria de mostrar as minhas últimas transações acredito que exista um pagamento que não conheço e gostaria de saber de onde é que veio	Good morning I would like to show you my last transactions I believe that there is a payment that I do not know and I would like to know where it came from
593	CA5d45749cffbe2ff8f663c900e527eb06_0	pt-PT	pt	latest_transactions	NOT_DISPUTE	criterion	queria mostrar as minhas últimas transações por favor	wanted to show my latest transactions please
594	CAfb042da2a2360dc624e354ac823cfaae_1	pt-PT	pt	latest_transactions	DISPUTE	criterion	eu gostaria de ver as minhas últimas transações por favor porque há um pagamento que eu não reconheço Estou sim	i would like to see my latest transactions please because there is a payment i do not recognize i am yes
595	response_26	pt-PT	pt	latest_transactions	DISPUTE	criterion	Estou sim Bom dia estava a ligar por causa de um pagamento de uma transação que tenho aqui 90 € Não sei não sei qual é que é a esta transação não estou a reconhecer Se pudesses por mais acerca disso eu agradeceria imenso	Yes I am Good morning I was calling because of a payment for a transaction that I have here 90 € I don't know I don't know what this transaction is about I am not recognizing If you could learn more about that I would appreciate it
596	response_9	pt-PT	pt	latest_transactions	NOT_DISPUTE	criterion	Olá boa tarde Se possível mostrar as minhas últimas transações se faz favor	Hello good afternoon If possible, please show my latest transactions, please
597	CA1d58dbeb5f4476710af82432b95b5d8b_1	pt-PT	pt	latest_transactions	NOT_DISPUTE	criterion	queria mostrar as últimas transações feitas com o meu cartão por favor	wanted to show the latest transactions made with my card please
598	response_4	pt-PT	pt	direct_debit	NOT_DISPUTE	criterion	queres ouvir um débito direto	do you want to hear a direct debit
599	CA0be032842c10083ff7f8209bfbf05dce_1	pt-PT	pt	direct_debit	NOT_DISPUTE	criterion	Olá André não sei alguma informação sobre débitos diretos	Hi André I don't know any information about direct debits
600	response_16	pt-PT	pt	direct_debit	NOT_DISPUTE	criterion	Olá boa tarde eu tinha uma pergunta sobre os débitos diretos acho que me pode explicar como é que isto funciona	Hello good afternoon I had a question about direct debits I think you can explain how this works
601	response_7	pt-PT	pt	direct_debit	NOT_DISPUTE	criterion	Boa tarde Queria que me explicasse como funciona os débitos diretos	Good afternoon I would like you to explain to me how direct debits work
602	response_14	pt-PT	pt	direct_debit	UNSURE	criterion	gostava de saber mais informações sobre os débitos diretos e dessa forma ver os meus débitos diretos e também gostava de saber como é que eu posso fazer para devolver um débito direto	I would like to know more information about direct debits and thus see my direct debits and I would also like to know how can I do to return a direct debit
603	response_15	pt-PT	pt	direct_debit	NOT_DISPUTE	criterion	Olá tenho uma dúvida sobre os débitos diretos Queria saber se há uma forma de ver todos os débitos diretos que efetuou no passado	Hello I have a question about direct debits I would like to know if there is a way to see all direct debits you have made in the past
604	CA35487f8d685a3026ab0f6201508646b9_0	pt-PT	pt	direct_debit	UNSURE	criterion	bom dia eu queria fazer uma pergunta sobre os débitos diretos da empresa e queria saber se podia mostrar os meus débitos diretos e queria queria resolver um débito direto com a mãe não sei se é possível ou não	good morning i wanted to ask a question about the company's direct debits and i wanted to know if i could show my direct debits and i wanted to resolve a direct debit with the mother i don't know if it is possible or not
605	CA3bd7996aaf25dfc2f331cea370292db8_0	pt-PT	pt	direct_debit	DISPUTE	criterion	Boa tarde tenho um débito direto Que é Gostaria de arrumar visto que o fornecedor não cumpriu com a estava acordado o débito directo da Galp energia no valor de 34,05 € muito obrigada Boa tarde	Good afternoon, I have a direct debit, which I would like to arrange since the supplier did not comply with Galp Energia's direct debit in the amount of 34.05 €. Thank you very much Good afternoon
606	response_39	pt-PT	pt	direct_debit	NOT_DISPUTE	criterion	mostrar meus débitos diretos	show my direct debits
607	response_10	pt-PT	pt	direct_debit	NOT_DISPUTE	criterion	almoço sobre débitos diretos	lunch on direct debits
608	response_13	pt-PT	pt	direct_debit	NOT_DISPUTE	criterion	Bom dia eu gostaria que me explicasse sobre débitos diretos obrigada	Good morning I would like you to explain to me about direct debits thank you
609	CA2b2c576f84406bc60204accd2677b75e_0	pt-PT	pt	direct_debit	NOT_DISPUTE	criterion	gostava de saber mais sobre débitos diretos	would like to know more about direct debits
610	CA67c85ba4fec7fcc4d83f69c5d8b1e803_0	pt-PT	pt	direct_debit	UNSURE	criterion	Olá boa tarde eu tenho uma dúvida sobre os débitos diretos Gostaria de saber que tipo Quais são os meus direitos seria possível devolver um débito direto	Hello good afternoon I have a question about direct debits I would like to know what type What are my rights would it be possible to return a direct debit
611	CA62d33ec5beb4f394e34063aa2ab2471f_0	pt-PT	pt	direct_debit	NOT_DISPUTE	criterion	fala-me sobre débitos diretos	tell me about direct debits
612	response_40	pt-PT	pt	direct_debit	UNSURE	criterion	quero devolver um débito direto	I want to return a direct debit
613	CAdc0d52dd4c9c636f5526adbd45548603_0	pt-PT	pt	direct_debit	UNSURE	criterion	Olá eu tinha feito o débito directo eu gostava que me mostrasse os meus débitos e ter falar um pouco sobre os débitos diretos que estava devolver a dizer assim	Hello I had done the direct debit I would like you to show me my debts and have a little talk about the direct debits that I was returning to say like this
614	response_42	pt-PT	pt	direct_debit	DISPUTE	criterion	Bom dia Olha eu queria aceder aos débitos diretos da minha conta Está a haver um problema Eu acho que tu me estão a tirar dinheiro indevidamente	Good morning Look I wanted to access direct debits from my account There is a problem I think you are taking money from me improperly
615	CA56e9365faf6e099ff4ca03ff69b2422b_0	pt-PT	pt	direct_debit	NOT_DISPUTE	criterion	ama-me Eu tenho um pagamento periódico Eu preciso de realizar e ainda que vocês têm os débitos diretos Eu queria perceber como é que isso funciona como é que eu posso criar esse débito direto	love me i have a periodic payment i need to make and even though you guys have direct debits i wanted to understand how this works how can i create this direct debit
616	CAf89b00f98ebc6c0064151f0d4a5f9210_0	pt-PT	pt	direct_debit	DISPUTE	criterion	tenho um débito direto conhecido da conta sem a minha autorização o que posso fazer	I have a known direct debit from the account without my authorization what can I do
617	response_22	pt-PT	pt	direct_debit	UNSURE	criterion	Bom dia Estão aqui os outros nossos débitos diretos que estão a tirar do meu cartão se podiamos for ser sobre este assunto obrigada	Good morning Here are the other direct debits that are taking from my card if we could be on this subject thank you
618	CAcdd3ae49484bcc016a817d2fd044e24e_0	pt-PT	pt	direct_debit	NOT_DISPUTE	criterion	Olá como é que funciona os débitos diretos	Hello how does direct debits work
619	response_23	pt-PT	pt	direct_debit	NOT_DISPUTE	criterion	Boa tarde eu gostaria de saber como é que se procede para débitos diretos	Good afternoon I would like to know how to proceed to direct debits
620	response_35	pt-PT	pt	direct_debit	NOT_DISPUTE	criterion	Salmo sobre débitos diretos se faz favor	Psalm on direct debits please
621	CA6ad550315d63131e6b77f9fd6072d643_0	pt-PT	pt	direct_debit	NOT_DISPUTE	criterion	Bom dia queria fazer uma pergunta sobre deves diretos diga-me Quais são os seus débitos diretos e tipo calções é que tem é que pudesse fazer Que tipo de vantagens e desvantagens é que tem qual é o tipo de cão e tantas que é isso nunca muito mais é que hei de fazer esta pergunta na tanto	Good morning I would like to ask a question about direct debts Tell me What are your direct debts and what type of shorts do you have? but I will ask this question in so much
622	response_20	pt-PT	pt	direct_debit	NOT_DISPUTE	criterion	boa tarde Eu queria saber mais sobre débitos diretos	good afternoon i wanted to know more about direct debits
623	CA2c818b1c897a8cc2f4531e8a8e7b9c6f_0	pt-PT	pt	direct_debit	UNSURE	criterion	mostrar meus débitos diretos quero devolver um débito direto direto mostrar meus débitos diretos	show my direct debits i want to return a direct debit show my direct debits
624	response_18	pt-PT	pt	direct_debit	NOT_DISPUTE	criterion	Olá boa tarde Estou a ligar porque tenho as perguntas relações com os débitos diretos e gostava que me Explicassem primeiro Como funciona o que são os débitos diretos Como é que eu poderei ter acesso aos débitos diretos e Caso seja necessário Como é que poderá proceder a devolução Então de um débito direto obrigado	Hello good afternoon I am calling because I have questions about direct debits and I would like to be explained first How does direct debits work How can I have access to direct debits and If necessary How can I return it So a direct debit thank you
625	response_30	pt-PT	pt	direct_debit	NOT_DISPUTE	criterion	Eu quero saber quanto deve ter que tenho disponível	I want to know how much should I have available
626	response_24	pt-PT	pt	direct_debit	NOT_DISPUTE	criterion	mostra-me os meus débitos diretos	show me my direct debits
627	response_25	pt-PT	pt	direct_debit	NOT_DISPUTE	criterion	Olá boa tarde sábado vou ver um débito direto é	Hello good afternoon saturday i will see a direct debit is
628	response_31	pt-PT	pt	direct_debit	NOT_DISPUTE	criterion	tinha algumas questões sobre débitos diretos nomeadamente Como é que eu posso ver os meus débitos diretos se eu quiser vou ver algum Como é que eu posso proceder queria mais informações acerca disso por favor	I had some questions about direct debits namely How can I see my direct debits if I want to see some How can I proceed I would like more information about that please
629	response_19	pt-PT	pt	direct_debit	NOT_DISPUTE	criterion	mostrar meus débitos diretos	show my direct debits
630	response_8	pt-PT	pt	direct_debit	NOT_DISPUTE	criterion	mostrar todos os meus débitos diretos	show all my direct debits
631	response_33	pt-PT	pt	direct_debit	UNSURE	criterion	Olá bom dia eu tenho uma dúvida em relação aos débitos diretos e Pretendia que me esclarecesse assim sobre os meus débitos diretos porque tenho várias empresas numeramento ginásios que dizem que trabalha comigo direito Eu não percebo muito bem como é que funciona os débitos diretos	Hello, good morning, I have a question regarding direct debits and I wanted you to clarify me about my direct debits, because I have several gymnasium numbering companies that say they work with me right. I don't really understand how direct debits work.
632	response_9	pt-PT	pt	direct_debit	NOT_DISPUTE	criterion	Quanto tempo demora a associar o David direto a ser aprovado para perceber	How long does it take to associate David direct to be approved to realize
633	response_4	pt-PT	pt	business_loan	NOT_DISPUTE	dataset	Bom dia a estou a ligar porque tenho um empréstimo comercial e eu queria saber quando é que são as especificações para abrir um novo e se posso ter dois empréstimos comerciais ao mesmo tempo obrigado	Good morning I'm calling because I have a commercial loan and I was wondering when are the specifications for opening a new one and if I can have two commercial loans at the same time thank you
634	response_17	pt-PT	pt	business_loan	NOT_DISPUTE	dataset	tenho uma pergunta sobre o novo empreste	I have a question about the new loan
635	response_16	pt-PT	pt	business_loan	NOT_DISPUTE	dataset	estou a ligar para pedir um empréstimo	I'm calling to apply for a loan
636	response_7	pt-PT	pt	business_loan	NOT_DISPUTE	dataset	tenho uma pergunta sobre o empréstimo existente	I have a question about the existing loan
637	CA6fa40a4c6e6081022f6076ceaf29dd32_0	pt-PT	pt	business_loan	NOT_DISPUTE	dataset	estou a ligar para um banco digital e falar com Operário como se fosse uma pessoa a estou solicitando empréstimo comercial	I am calling a digital bank and talking to Operário as if it were a person I am applying for a commercial loan
638	response_14	pt-PT	pt	business_loan	NOT_DISPUTE	dataset	é possível Solicitar um empréstimo comercial se faz favor	it is possible to apply for a commercial loan please
639	response_28	pt-PT	pt	business_loan	NOT_DISPUTE	dataset	Olá bom dia estou a ligar que tenho uma pergunta sobre o empréstimo comercial Novo que gostava de fazer por favor	Hello good morning i'm calling i have a question about the new commercial loan i would like to do please
640	response_29	pt-PT	pt	business_loan	NOT_DISPUTE	dataset	estou ligando mas falando sobre um empréstimo comichão tenham perguntas sobre empréstimo existente ou novo empréstimo	i'm calling but talking about an itchy loan have questions about existing loan or new loan
641	response_15	pt-PT	pt	business_loan	NOT_DISPUTE	dataset	Até eu queria saber mais coisas sobre os empréstimos eu posso fazer	Even I wanted to know more about loans I can do
642	response_2	pt-PT	pt	business_loan	NOT_DISPUTE	dataset	Boa tarde estou a ligar porque tenho uma questão sobre o empréstimo comercial e gostaria de saber como é que eu faço	Good afternoon I'm calling because I have a question about the commercial loan and I would like to know how I do it
643	response_11	pt-PT	pt	business_loan	NOT_DISPUTE	dataset	Boa tarde Queria contratar um novo empréstimo o granny a dar informações	Good afternoon I wanted to hire a new loan granny to give information
644	CAe552446e21b65ad7a0155d061848d3db_4	pt-PT	pt	business_loan	NOT_DISPUTE	dataset	ora estou pedindo um empréstimo comercial estou ligando para um empréstimo comercial	I'm asking for a commercial loan I'm calling a commercial loan
645	response_38	pt-PT	pt	business_loan	NOT_DISPUTE	dataset	Boa tarde estou a ligar por causa do empréstimo comercial neste momento para aquilo mas gostava	Good afternoon I'm calling because of the commercial loan right now for that but I would like
646	response_3	pt-PT	pt	business_loan	NOT_DISPUTE	dataset	Bom dia Tu ligares porque estou a precisar de fazer um empréstimo queria saber se é possível	Good morning You call because I need a loan I wanted to know if it is possible
647	response_1	pt-PT	pt	business_loan	NOT_DISPUTE	dataset	novo empréstimo	new loan
648	response_12	pt-PT	pt	business_loan	NOT_DISPUTE	dataset	Um dia tu ligar por causa de um empréstimo comercial tem umas dúvidas sobre as condições do vosso empréstimo	One day you call because of a commercial loan you have some doubts about the conditions of your loan
649	response_13	pt-PT	pt	business_loan	NOT_DISPUTE	dataset	te mandei estou a ligar por causa de um empréstimo comercial eu gostaria de perguntar sobre o empréstimo assistente ido se possível gostaria de pedir um novo empréstimo obrigado	i sent you i am calling because of a commercial loan i would like to ask about the loan assistant gone if possible i would like to ask for a new loan thanks
650	CAdf502834c25b295149874121099c49ce_0	pt-PT	pt	business_loan	NOT_DISPUTE	dataset	olá e eu gostava de tentar perceber como é que funciona aquela notícia que saiu sobre o empréstimo empréstimo comercial que já existe mas que não ficas com ácido	hello and I would like to try to understand how that news that came out about the commercial loan loan that already exists but does not get acid works
651	CA5550635d8b20e5439d674782e67a9c6e_0	pt-PT	pt	business_loan	NOT_DISPUTE	dataset	tenho um problema sobre o empréstimo existente Como pode me ajudar se faz favor	I have a problem with the existing loan How can you help me please
652	CA08c523b6fa1c819c4cf44b3529e88a15_0	pt-PT	pt	business_loan	NOT_DISPUTE	dataset	queria fazer uma transferência e gostava de saber quanto é que eu tenho de débito direto na minha conta	I wanted to make a transfer and I would like to know how much I have direct debit in my account
653	CAc0c8ff16eaf2ecfb764bb2c877d6bd5f_5	pt-PT	pt	business_loan	NOT_DISPUTE	dataset	Boa tarde Portanto eu e a necessitar de um empréstimo de um empréstimo comercial caso já existisse algum ou então Formar um novo Se fosse possível Será que me podias clarificar esta situação obrigado	Good afternoon So me and needing a loan from a commercial loan if one already existed or else Form a new one If it were possible Could you clarify this situation thanks
654	CA2faabc648e7e2a8a7ee853e03d5c9a45_7	pt-PT	pt	business_loan	NOT_DISPUTE	dataset	estou a ligar por causa do empréstimo comercial	I'm calling because of the commercial loan
655	CA6cfe9e2b2c9ae40fc233fcf51c742c1d_0	pt-PT	pt	business_loan	NOT_DISPUTE	dataset	Olá estou a ligar sobre um empréstimo comercial tenho uma pergunta sobre para estes tempos taxa de juro é igual a taxa de juro dos dos outros bancos ou a taxa de juro fico obrigado	Hello I'm calling about a commercial loan I have a question for these times interest rate is equal to the interest rate of those of other banks or the interest rate I am obliged
656	response_22	pt-PT	pt	business_loan	NOT_DISPUTE	dataset	mas estou a ligar por causa de um de um empréstimo comercial queria saber como fazer um novo perfil se me podiam ajudar nesse procedimento obrigado	but I'm calling because of a commercial loan I wanted to know how to make a new profile if you could help me with this procedure thanks
657	response_37	pt-PT	pt	business_loan	NOT_DISPUTE	dataset	Olá muito bom dia eu estou a pensar comprar um carro Portanto eu gostaria de saber quais é que são as condições para ter um empréstimo imobiliário com o banco podia ter uma ideia do valor que consegue estar e o pagamento touro 70 agendar uma reunião Ainda para esta semana é possível	Hello very good morning I am thinking about buying a car So I would like to know what are the conditions for having a real estate loan with the bank I could have an idea of the amount it can be and the payment 70 schedule a meeting Still for this week is possible
658	response_23	pt-PT	pt	business_loan	NOT_DISPUTE	dataset	Boa tarde tenho uma pergunta sobre um empréstimo existente	Good afternoon I have a question about an existing loan
659	response_35	pt-PT	pt	business_loan	NOT_DISPUTE	dataset	Solicito um novo empréstimo para efeitos comerciais	I apply for a new business loan
660	CA94b2b56bc3979cc5dacbb5d2a9a5782d_0	pt-PT	pt	business_loan	NOT_DISPUTE	dataset	bom dia eu queria saber informação sobre um empréstimo comercial que vocês tem disponível Será que podem ajudar	good morning i wanted to know information about a commercial loan that you have available Can they help
661	CAe552446e21b65ad7a0155d061848d3db_8	pt-PT	pt	business_loan	NOT_DISPUTE	dataset	tenho uma pergunta sobre o empréstimo existente	I have a question about the existing loan
662	CAe90c3983708ac52589a665b29b4e27e9_1	pt-PT	pt	business_loan	NOT_DISPUTE	dataset	tenho uma pergunta sobre o empréstimo este ano	have a question about the loan this year
663	response_34	pt-PT	pt	business_loan	NOT_DISPUTE	dataset	Bom dia eu estou a ligar porquê Gostaria de fazer um novo empréstimo	Good morning I'm calling because I would like to take out a new loan
664	response_18	pt-PT	pt	business_loan	NOT_DISPUTE	dataset	desligar tu gostaria de saber mais sobre comercial e por isso tenho uma pergunta a fazer sobre o novo empréstimo	off you would like to know more about commercial and so i have a question about the new loan
665	response_30	pt-PT	pt	business_loan	NOT_DISPUTE	dataset	Olá estou a ligar para informações sobre o novo empréstimo	Hello i am calling for information about the new loan
666	response_31	pt-PT	pt	business_loan	NOT_DISPUTE	dataset	Bom dia estou a ligar sobre o empréstimo comercial quero fazer e criar nova sempre algumas informações que poderia dar	Good morning I'm calling about the commercial loan I want to make and create new some information that I could give
667	response_19	pt-PT	pt	business_loan	NOT_DISPUTE	dataset	O que é um novo empréstimo	What is a new loan
668	CA6562d588cc0ff8c15a543915f715876c_0	pt-PT	pt	business_loan	NOT_DISPUTE	dataset	Olá bom dia eu gostava de criar outro pedir um empréstimo Comercial Eu queria saber o que é que existem se tem novos empréstimos ou se algum existente que me possa ajudar	Hello good morning i would like to create another one to ask for a commercial loan
669	response_27	pt-PT	pt	business_loan	NOT_DISPUTE	dataset	Olá boa tarde eu estou a criar uma uma banca de uma feira e gostava de saber se era possível ter um empréstimo comercial sendo que eu já tinha um empréstimo existente Mas já conseguiu pagar como é que é necessário para conseguir um novo empréstimo para a minha banca	Hello good afternoon I am creating a stand for a fair and I would like to know if it was possible to have a commercial loan, since I already had an existing loan But I have already managed to pay how it is necessary to get a new loan for my stand
670	response_33	pt-PT	pt	business_loan	NOT_DISPUTE	dataset	Olá sou a ligar para saber sobre informações Relativamente a um empréstimo comercial	Hello I am calling to inquire about information Regarding a commercial loan
671	CAb76c47b24dcd98ec8e4f3252d2c3a332_0	pt-PT	pt	business_loan	NOT_DISPUTE	dataset	Eu estou a ligar porque preciso saber algo Fica bem informações sobre o novo empréstimo faz favor	I'm calling because I need to know something
672	response_32	pt-PT	pt	business_loan	NOT_DISPUTE	dataset	estou a ligar para perguntar sobre um empréstimo comercial existente	I'm calling to ask about an existing commercial loan
673	response_26	pt-PT	pt	business_loan	NOT_DISPUTE	dataset	Boa tarde estou a ligar por que precisaria de informação sobre como realizar o novo empréstimo comercial	Good afternoon I'm calling because I would need information on how to make the new commercial loan
674	response_9	pt-PT	pt	business_loan	NOT_DISPUTE	dataset	card eu preciso mais informações sobre o empréstimo comercial	card I need more information about the commercial loan
675	response_4	pt-PT	pt	card_issues	NOT_DISPUTE	dataset	desculpa mas poderiam ajudar aqui com o meu cartão não estou a perceber o que é que se passa ele não está a funcionar não percebo porque é que o meu pagamento está a ser Recusado gostaria com ajuda assim por favor	sorry but they could help here with my card i don't understand what's going on it is not working i don't understand why my payment is being refused i would like help so please
676	response_16	pt-PT	pt	card_issues	NOT_DISPUTE	dataset	estou a usar um cartão mas o meu cartão não está a funcionar não sei porque é que foi acusado	I'm using a card but my card is not working I don't know why he was accused
677	response_5	pt-PT	pt	card_issues	NOT_DISPUTE	dataset	Boa tarde o meu pagamento foi recusado e eu gostava de saber se poderia ajudar a recuperar eu não consigo perceber porque é que não posso usar o meu cartão obrigada	Good afternoon my payment was declined and I would like to know if it could help you recover I can't understand why I can't use my card thank you
678	response_14	pt-PT	pt	card_issues	NOT_DISPUTE	dataset	o meu cartão crédito não funciona	my credit card doesn't work
679	response_28	pt-PT	pt	card_issues	NOT_DISPUTE	dataset	Bom dia eu tenho um cartão nosso do seu banco e tentei usá-lo hoje para pagar nas compras e não conseguia eu preciso de ajuda queria saber se o cartão do cartão cartão novo conta eu não consigo usar estava mesmo que resolver isto que eu tenho pressa poderia me ajudar	Good morning, I have a card from your bank and I tried to use it today to pay for purchases and I couldn't get it I needed help I wanted to know if the card for the new account card I can't use it was really to solve this I'm in a hurry Would you help me
680	response_29	pt-PT	pt	card_issues	NOT_DISPUTE	dataset	Boa tarde não consigo realizar pagamentos com o meu cartão depois de várias tentativas nenhuma funcionou Será que me podiam auxiliar a perceber o porquê dos pagamentos ser recusados	Good afternoon I can't make payments with my card after several attempts none worked Could they help me to understand why payments are declined
681	response_15	pt-PT	pt	card_issues	NOT_DISPUTE	dataset	hello I'm With My my credit card is not working and I need to i need to play Something I just	hello I'm With My my credit card is not working and I need to i need to play Something I just
682	response_2	pt-PT	pt	card_issues	NOT_DISPUTE	dataset	preciso de ajuda com o meu cartão Ele não me deixa pagar a conta	I need help with my card He won't let me pay the bill
683	response_11	pt-PT	pt	card_issues	NOT_DISPUTE	dataset	ontem dirigi-me uma estabelecimento para efetuar um um pagamento mas o meu cartão não não está a funcionar Gostaria de saber como é que me que me pode ajudar	yesterday I went to an establishment to make a payment but my card is not working I would like to know how you can help me
684	response_10	pt-PT	pt	card_issues	NOT_DISPUTE	dataset	não consigo usar o meu cartão porque não funciona	I can't use my card because it doesn't work
685	response_38	pt-PT	pt	card_issues	NOT_DISPUTE	dataset	Bom dia estou a ter um problema com o meu cartão acha que me pode ajudar eu não sei porquê mas o meu cartão não está a dar para usar ele está a funcionar e por isso mesmo meu pagamento foi recusado	Good morning, I'm having a problem with my card, you think you can help me, I don't know why, but my card isn't working, it's working and that's why my payment was declined
686	CA35843310bc721f0d96c4ed3cbc844ec2_0	pt-PT	pt	card_issues	NOT_DISPUTE	dataset	o cartão não funciona	the card does not work
687	response_1	pt-PT	pt	card_issues	NOT_DISPUTE	dataset	Olha que me pode ajudar eu não consigo usar o meu cartão porque não funciona ele recusa pagamento pagamento	Look, you can help me, I can't use my card because it doesn't work, he refuses payment
688	response_12	pt-PT	pt	card_issues	NOT_DISPUTE	dataset	Bom dia estou aqui com um problema e apagar e meu cartão foi recusado e não consigo entender porque	Good morning I'm here with a problem and erase and my card was declined and I can't understand why
689	response_13	pt-PT	pt	card_issues	NOT_DISPUTE	dataset	você pode me ajudar com o meu cartão não consigo usá-lo porque não funciona	can you help me with my card i can't use it because it doesn't work
690	CAb6a9a9332c22d01e7dc6e2172033a72e_0	pt-PT	pt	card_issues	NOT_DISPUTE	dataset	Olá boa tarde eu gostaria de pedir ajuda relativamente ao meu cartão O cartão não funciona por isso não não tenho conseguido utilizar e eu gostava de saber porque é que o meu pagamento foi recusado eu tenho lá dinheiro e não me faz sentido que não esteja a funcionar	Hello good afternoon I would like to ask for help regarding my card The card does not work so I have not been able to use it and I would like to know why my payment was declined I have money there and it does not make sense that it is not working
691	CA4386f41ca6bc639969b8110d4dd6704e_0	pt-PT	pt	card_issues	NOT_DISPUTE	dataset	Olá estou a tentar utilizar o meu cartão de crédito mas estou a ter dificuldades o pagamento foi recusado e sei que não há qualquer problema a nível do saldo existente Será que me conseguem ajudar a perceber qual é o problema obrigada	Hello I am trying to use my credit card but I am having difficulties the payment was declined and I know that there is no problem with the existing balance Can you help me understand what the problem is thanks
692	CA87641bba84964b2a0a26722267b4a02a_0	pt-PT	pt	card_issues	NOT_DISPUTE	dataset	Bom dia eu estou a tentar fazer um pagamento e o pagamento foi recusado eu gostaria de saber se conseguem explicar o que é que o meu cartão não funciona o que é que se passa	Good morning I'm trying to make a payment and the payment was declined I would like to know if you can explain what my card does not work what is going on
693	CA238e5915bee231d323ebcdc29076d78e_0	pt-PT	pt	card_issues	NOT_DISPUTE	dataset	Sim batata obrigado porque tenho andado a ter uns com o meu cartão de Multibanco e não funciona em condições	Yes potato thanks because I have been having some with my ATM card and it doesn't work under conditions
694	CAd2a5b1d83fc0c3be65abd3390af3b05b_0	pt-PT	pt	card_issues	NOT_DISPUTE	dataset	Bom dia Porque é que o meu pagamento foi recusado	Good morning Why was my payment declined
695	response_22	pt-PT	pt	card_issues	NOT_DISPUTE	dataset	Olá bom dia O meu o meu cartão não funciona pagamento de estacionar pesado o que é que eu posso fazer para tratar este problema	Hello good morning my my card does not work payment for heavy parking what can i do to treat this problem
696	response_36	pt-PT	pt	card_issues	NOT_DISPUTE	dataset	Bom dia Tenho um problema será que me podia ajudar eu enviei-te um pagamento com o cartão mas o pagamento Recusado poderia me ajudar a fazer a causa deste problema	Good morning I have a problem could you help me I sent you a payment with the card but the Refused payment could help me to do the cause of this problem
697	CA41dec2344c43f4f97dd08aaf810a515a_0	pt-PT	pt	card_issues	NOT_DISPUTE	dataset	Olá bom dia O meu telefone o meu cartão de Multibanco não está a funcionar não consigo fazer os pagamentos	Hello good morning My phone my ATM card is not working I can't make payments
698	CAff1b54ef26dd2f8509a4ddd198ecc3e4_0	pt-PT	pt	card_issues	NOT_DISPUTE	dataset	Olá boa tarde Queria fazer um pagamento mas não consigo no cartão não está a funcionar podíamos ir porque é que não funciona	Hello good afternoon i wanted to make a payment but i can't get it on the card it's not working we could go because it doesn't work
699	CA9abb6beb053d5e694ed3d7f74cb249a0_0	pt-PT	pt	card_issues	NOT_DISPUTE	dataset	Eu tenho um cartão no seu banco e este cartão não está a funcionar Então Gostaria de saber como é que eu faço para o cartão Sinar E porque é que eu não posso usar	I have a card in your bank and this card is not working So I would like to know how I do it for the Sinar card And why I cannot use
700	response_23	pt-PT	pt	card_issues	NOT_DISPUTE	dataset	bom dia Eu hoje fui às compras e Queria desligar o cartão e tentei várias vezes e não está admitir e depois até foi uma massa multibanco e não conseguia sequer de pagar Gostava de saber se existe algum problema com o meu cartão isso se posso pedir um substituto	good morning I went shopping today and wanted to turn off the card and tried several times and is not admitting and then it was even a mass bank and couldn't even pay I would like to know if there is a problem with my card so if I can order a replacement
701	response_35	pt-PT	pt	card_issues	NOT_DISPUTE	dataset	Boa tarde o problema com o meu cartão que ele não está a funcionar e não consigo fazer pagamentos com ele gostava de ter alguém ajudar	Good afternoon the problem with my card is not working and I can't make payments with it I would like to have someone help
702	response_21	pt-PT	pt	card_issues	NOT_DISPUTE	dataset	preciso de ajuda tentei usar o meu cartão mas ele não funciona	i need help i tried to use my card but it doesn't work
703	CA0ee143659f29f177d63584dfdf74fe42_0	pt-PT	pt	card_issues	NOT_DISPUTE	dataset	Olá boa tarde meu cartão não está a funcionar tu ia me ajudar que eu quero pagar mas não tá a funcionar	Hello good afternoon my card is not working you would help me i want to pay but it is not working
704	response_18	pt-PT	pt	card_issues	NOT_DISPUTE	dataset	Bom dia tem problemas com o meu cartão O que é que posso fazer para resolver esse problema obrigado	Good morning you have problems with my card What can I do to solve this problem thanks
705	response_30	pt-PT	pt	card_issues	NOT_DISPUTE	dataset	assim bom dia eu precisava de uma ajuda Eu tenho um cartão teste de banco e o cartão não está a funcionar E assim o pagamento está a ser Recusado E eu não vou pagar para resolver este problema por favor resolva Ok obrigada	so good morning i needed help i have a bank test card and the card is not working And so the payment is being refused And i will not pay to solve this problem please solve ok thanks
706	response_24	pt-PT	pt	card_issues	NOT_DISPUTE	dataset	o meu cartão não funciona Não se pode ajudar por favor Porque é que o meu pagamento foi recusado tem um cartão do baço Então não funciona Não posso apagar apagar	my card doesn't work Can't help please Why my payment was declined has a spleen card So it doesn't work I can't delete delete
707	CAe6fec5580a7f701a081646d2d8d46ce2_0	pt-PT	pt	card_issues	NOT_DISPUTE	dataset	sim boa tarde O meu cão a do banco não está a funcionar Eu já tentei usá-lo em no multibanco e numa loja da caixa e continua a ser Recusado e não sei porquê	yes good afternoon my dog at the bank is not working I already tried using it at the ATM and at a cashier's shop and it continues to be refused and I don't know why
708	response_19	pt-PT	pt	card_issues	NOT_DISPUTE	dataset	Boa tarde eu gostaria de saber porque é que o meu pagamento foi recusado	Good afternoon I would like to know why my payment was declined
709	response_8	pt-PT	pt	card_issues	NOT_DISPUTE	dataset	Boa tarde Estava a tentar fazer um pagamento entretanto o meu pagamento foi recusado acredito que o meu cartão não está a funcionar E eu não acho que tenho que pagar por um novo	Good afternoon I was trying to make a payment in the meantime my payment was declined I believe my card is not working And I don't think I have to pay for a new one
710	response_27	pt-PT	pt	card_issues	NOT_DISPUTE	dataset	não consigo fazer pagamentos com o meu cartão Ele não funciona	I can't make payments with my card It doesn't work
711	response_33	pt-PT	pt	card_issues	NOT_DISPUTE	dataset	Bom dia porque o meu pagamento foi recusado podem ajudar por favor obrigado	Good morning because my payment was declined can help please thanks
712	CAea1be0a185da8a3af269fc3a0f227a89_0	pt-PT	pt	card_issues	NOT_DISPUTE	dataset	Eu tenho um cartão do banco cartão não funciona e recusa pagamento pode nos dar no meu cartão do meu pagamento Recusado	I have a bank card card does not work and declines payment can give us on my card my payment Declined
713	response_32	pt-PT	pt	card_issues	NOT_DISPUTE	dataset	estou conseguindo usar o meu cartão não funciona não permite pagar porque o meu pagamento foi recusado a que meter em papel	I am able to use my card does not work does not allow to pay because my payment was refused to be put on paper
714	response_26	pt-PT	pt	card_issues	NOT_DISPUTE	dataset	Bom dia estou a ligar porque estou a tentar fazer pagamentos com o meu cartão e o meu cartão não funciona eu gostava de saber se me poderiam ajudar o que é que eu posso fazer para resolver o problema	Good morning I'm calling because I'm trying to make payments with my card and my card doesn't work I would like to know if you could help me what can I do to solve the problem
715	response_9	pt-PT	pt	card_issues	NOT_DISPUTE	dataset	Você poderia ajudar-me com o meu cartão	Could you help me with my card
716	response_4	pt-PT	pt	balance	NOT_DISPUTE	dataset	mostre-me o saldo da minha conta	show me my account balance
717	CA2893da57a98ec513bad7cb8f0354049d_0	pt-PT	pt	balance	NOT_DISPUTE	dataset	Olá bom dia É para te informar me sobre o saldo da minha conta	Hello good morning It's to inform me about my account balance
718	response_7	pt-PT	pt	balance	NOT_DISPUTE	dataset	Qual é o saldo da minha conta	What is my account balance
719	response_28	pt-PT	pt	balance	NOT_DISPUTE	dataset	consegue me indicar o saldo da minha conta faz favor	can you tell me my account balance please
720	CAc66ee4f7bb3d607e54516a031f808412_0	pt-PT	pt	balance	NOT_DISPUTE	dataset	Gostaria de saber o saldo da minha conta	I would like to know my account balance
721	response_29	pt-PT	pt	balance	NOT_DISPUTE	dataset	Boa tarde eu gostaria de saber o saldo atual da minha conta	Good afternoon I would like to know the current balance of my account
722	response_6	pt-PT	pt	balance	NOT_DISPUTE	dataset	saldo atual da conta	current account balance
723	response_2	pt-PT	pt	balance	NOT_DISPUTE	dataset	Queria saber o saldo da minha conta	I wanted to know my account balance
724	response_11	pt-PT	pt	balance	NOT_DISPUTE	dataset	Boa tarde pode me mostrar o saldo da minha conta Por favor	Good afternoon can you show me my account balance Please
725	CA98ca448c4e4e2c1957fbd8cc7a2cda1a_0	pt-PT	pt	balance	NOT_DISPUTE	dataset	Mostra o meu saldo da minha conta	Shows my account balance
726	response_38	pt-PT	pt	balance	NOT_DISPUTE	dataset	Qual o saldo da minha conta Por favor	What is my account balance Please
727	response_3	pt-PT	pt	balance	NOT_DISPUTE	dataset	Boa tarde eu gostaria de saber qual é o saldo da minha conta bancária por favor	Good afternoon I would like to know what is the balance of my bank account please
728	response_1	pt-PT	pt	balance	NOT_DISPUTE	dataset	Gostaria de fazer um saldo atual da minha conta	I would like to make a current account balance
729	response_13	pt-PT	pt	balance	NOT_DISPUTE	dataset	saldo da conta saldo atual da conta mostra-me o saldo da minha conta	account balance current account balance shows me my account balance
730	CA796844d2d8dd499d50128a613fb29e9e_0	pt-PT	pt	balance	NOT_DISPUTE	dataset	Viva Bom dia estou a ligar porquê Gostaria de saber qual é que é o saldo que tenho na minha conta bancária Se me pudesse ajudar com isso agradecia obrigada	Viva Good morning I'm calling because I would like to know what is the balance I have in my bank account If you could help me with that, thank you
731	CAf3fb7e41c7fa29b1738a1fe17c68dbb8_0	pt-PT	pt	balance	NOT_DISPUTE	dataset	Olá bom dia olha podes por favor informar-me sobre o saldo da minha conta	Hello good morning look can you please inform me about my account balance
732	CAca01610ef0db020c5b57afe4116a69b6_0	pt-PT	pt	balance	NOT_DISPUTE	dataset	eu gostaria de saber o saldo da minha conta	I would like to know my account balance
733	CA09aeeb1fc567a9d59e4d25d84c956372_0	pt-PT	pt	balance	NOT_DISPUTE	dataset	Olá boa tarde eu gostaria de ter alguma informação sobre o saldo da minha conta e a mente o saldo atual seria possível mostrar o saldo da minha conta Por favor	Hello good afternoon I would like to have some information about my account balance and mind the current balance it would be possible to show my account balance Please
734	response_41	pt-PT	pt	balance	NOT_DISPUTE	dataset	Olá boa tarde eu gostava de saber qual é que é o saldo da minha conta	Hello good afternoon i would like to know what is my account balance
735	CAf7bb03f0590eaea1f9108eaa41ce4131_0	pt-PT	pt	balance	NOT_DISPUTE	dataset	Olá boa tarde Eu queria saber o saldo da conta o saldo atual da conta por favor	Hello good afternoon I would like to know your account balance the current account balance please
736	response_36	pt-PT	pt	balance	NOT_DISPUTE	dataset	mostra-me os Qual é o saldo da minha conta	show me what is my account balance
737	response_23	pt-PT	pt	balance	NOT_DISPUTE	dataset	Olá eu gostaria de saber qual é que é o saldo atual da minha conta Por favor	Hello I would like to know what is the current balance of my account Please
738	response_35	pt-PT	pt	balance	NOT_DISPUTE	dataset	Estou sim Estou a contactar porque tenho de saber o saldo da conta da minha conta Se pudesse mostrar eu agradecia muito obrigado	I am yes I am contacting because I have to know the account balance of my account If I could show it I would like to thank you very much
739	response_20	pt-PT	pt	balance	NOT_DISPUTE	dataset	Gostaria de saber o saldo da minha conta é possível	I would like to know my account balance is possible
740	response_34	pt-PT	pt	balance	NOT_DISPUTE	dataset	Olá bom dia gostaria de consultar o saldo atual da minha conta Por favor	Hello good morning I would like to check the current balance of my account Please
741	response_18	pt-PT	pt	balance	NOT_DISPUTE	dataset	por favor gostava que me mostrasse o saldo da minha conta Gostaria de saber o saldo da minha conta obrigado	please i would like you to show me my account balance i would like to know my account balance thanks
742	response_30	pt-PT	pt	balance	NOT_DISPUTE	dataset	Boa tarde Gostaria de ver como é que a minha conta está E está tudo em ordem assim poderiam Por favor mostrar o meu saldo para ter noção	Good afternoon I would like to see how my account is doing And everything is in order so they could Please show my balance to be aware
743	response_25	pt-PT	pt	balance	NOT_DISPUTE	dataset	Bom dia gostava que me pudesse informar se o pessoal da minha conta só de atual não pudesse mostrar o saldo agradecia obrigado	Good morning I wish you could let me know if the people in my current account couldn't show the balance, thank you
744	response_31	pt-PT	pt	balance	NOT_DISPUTE	dataset	Boa tarde Gostaria de verificar Qual o saldo atual da minha conta	Good afternoon I would like to check What is the current balance of my account
745	response_19	pt-PT	pt	balance	NOT_DISPUTE	dataset	saldo da conta	account balance
746	response_8	pt-PT	pt	balance	NOT_DISPUTE	dataset	bom dia eu queria saber qual é que era o saldo da minha conta o que tenho agora seria possível mostrar-me Qual é que é o saldo que tenho obrigada	good morning i was wondering what was my account balance what i have now it would be possible to show me what is the balance i have to thank
747	response_27	pt-PT	pt	balance	NOT_DISPUTE	dataset	queria ficar o saldo da minha conta	I wanted to keep my account balance
748	response_33	pt-PT	pt	balance	NOT_DISPUTE	dataset	saldo atual da conta	current account balance
749	response_32	pt-PT	pt	balance	NOT_DISPUTE	dataset	consultar o saldo da minha conta obrigado	check my account balance thanks
750	response_26	pt-PT	pt	balance	NOT_DISPUTE	dataset	Olá bom dia eu gostaria de ficar Qual é o saldo da minha conta conseguir descobrir onde encontrar esse valor	Hello good morning I would like to stay What is my account balance able to find out where to find this amount
751	response_4	pt-PT	pt	joint_account	NOT_DISPUTE	dataset	Boa tarde Queria criar uma conta conjunta com a minha esposa mas não sei como fazer para que me podia dar informações sobre o procedimento	Good afternoon I wanted to create a joint account with my wife but I don't know how to do so that I could give information about the procedure
752	response_16	pt-PT	pt	joint_account	NOT_DISPUTE	dataset	Como faço para configurar a conta conjunta ou senão a conta com a parceira	How do I set up the joint account or else the account with the partner
753	response_5	pt-PT	pt	joint_account	NOT_DISPUTE	dataset	muito bom dia eu gostava de saber se é possível ter uma conta conjunta por favor obrigado	very good morning i would like to know if it is possible to have a joint account please thanks
754	response_7	pt-PT	pt	joint_account	NOT_DISPUTE	dataset	bom dia como é que eu faço para configurar uma conta conjunta com o meu parceiro	good morning how do i set up a joint account with my partner
755	response_14	pt-PT	pt	joint_account	NOT_DISPUTE	dataset	Estou bom dia eu Estou prestes a casar e eu queria saber se como é que se configura uma conta uma conta conjunta com a minha parceira nós queremos ter um cartão em conjunto para conseguirmos fazer as compras em conjunto em vez de ter dois cartões de separados e eu perguntasse então dava para ter uma conta com o meu parceiro para facilitar as as compras e e na aplicação que tem no telemóvel e a perguntar se se tem uma opção para fazer essa tal conta obrigado	I'm good morning I'm about to get married and I was wondering if a joint account with my partner is set up, we want to have a card together so that we can make purchases together instead of having two separate cards and if I asked then, I could have an account with my partner to facilitate shopping and and on the application you have on your phone and ask if you have an option to make this account thanks
756	CA4f6e6d706a376e5c4b95fa1bec7cfaa2_0	pt-PT	pt	joint_account	NOT_DISPUTE	dataset	Buenos dias Matosinhos Eu quero configurar uma conta conjunta para mim é possível tipo tu andas a fazer é que te contei conjuntos é que está essa opção de conta conjunta até logo	Buenos dias Matosinhos I want to set up a joint account for me it's possible like you're doing is that I told you about sets is that option for a joint account
757	response_29	pt-PT	pt	joint_account	NOT_DISPUTE	dataset	Olá bom dia Gostaria de saber como é que eu posso configurar uma conta conjunta Sim pois é que eu mudei de titular de conta e e pronto em todo o caso com o meu parceiro e eu gostava de saber agora o que é que como é que eu posso ficar os dois agora	Hello good morning I would like to know how I can set up a joint account Yes, because I changed my account holder and ready in any case with my partner and I would like to know now what is it, how can I stay both now
758	response_15	pt-PT	pt	joint_account	NOT_DISPUTE	dataset	Olá bom dia eu gostaria de saber como é que consigo abrir uma conta conjunta com com a minha esposa neste caso e gostaria também de perceber se no aplicativo o consigo fazer ou se tem que me deslocar ao banco	Hello good morning I would like to know how I can open a joint account with my wife in this case and I would also like to know if in the application I can do it or if I have to go to the bank
759	response_2	pt-PT	pt	joint_account	NOT_DISPUTE	dataset	queria saber como faço para configurar uma conta conjunta com a minha parceira e se há alguma possibilidade de fazer isso através do aplicativo do banco	I was wondering how do I set up a joint account with my partner and if there is any possibility of doing this through the bank application
760	CA74042b865e49b3c6d2457dd6e1f79fd1_0	pt-PT	pt	joint_account	NOT_DISPUTE	dataset	ai muito bom dia eu gostaria de abrir uma conta conjunta com o meu namorado e gostava de saber como é que posso proceder	there very good morning i would like to open a joint account with my boyfriend and i would like to know how can i proceed
761	response_11	pt-PT	pt	joint_account	NOT_DISPUTE	dataset	Como faço para configurar uma conta conjunta	How do I set up a joint account
762	CA9de5fc3602447c28a5ebc78899f5dbec_0	pt-PT	pt	joint_account	NOT_DISPUTE	dataset	cenário é a criação de uma conta conjunta ou seja criar e configurar uma conta conjunta Como passar aí perguntando os canais onde possa ter a casa vou jantar	scenario is the creation of a joint account ie creating and setting up a joint account How to spend there asking the channels where I can have the house I will have dinner
763	response_10	pt-PT	pt	joint_account	NOT_DISPUTE	dataset	Olá boa tarde Será possível ter uma conta com o meu parceiro Como é que eu posso fazer se faz favor	Hello good afternoon It will be possible to have an account with my partner How can I do it please
764	CA59133d901569478cf468c034e0ea7aec_0	pt-PT	pt	joint_account	NOT_DISPUTE	dataset	eu gostaria de ter de ter uma conta conjunta Como posso fazer obrigado	i would like to have a joint account how can i do thank you
765	CA343c9afd63d8e0aad8ce6ca8558c47b9_0	pt-PT	pt	joint_account	NOT_DISPUTE	dataset	Boa tarde eu estou a ligar porque Queria criar uma conta em conjunto com outra pessoa e queria saber como é que posso fazer isso	Good afternoon I'm calling because I wanted to create an account together with someone else and wanted to know how I can do that
766	response_12	pt-PT	pt	joint_account	NOT_DISPUTE	dataset	Como faço para poder ter uma conta a dois	How do I be able to have a two account
767	CA6903badb079b86fffc41c77848b7c847_0	pt-PT	pt	joint_account	NOT_DISPUTE	dataset	Posso ter uma conta com o meu parceiro é que eu gostaria de fazer uma conta conjunta com ele mas não sei como é que faço	I can have an account with my partner is that I would like to do a joint account with him but I don't know how I do it
768	response_13	pt-PT	pt	joint_account	NOT_DISPUTE	dataset	Eu queria saber como posso fazer para abrir uma conta conjunta para eu ter um com o meu parceiro	I was wondering how can I do to open a joint account for me to have one with my partner
769	CAc83c7be23c5a7886274d082c13b671b7_0	pt-PT	pt	joint_account	NOT_DISPUTE	dataset	Olá muito boa tarde eu gostaria de criar uma conta conjunta com o meu namorado e gostaria de saber como é que como é que isso processo pronto como é que eu posso fazer e porquanto não posso raio que não não consegui ficar a compreender e gostaria de ter a vossa ajuda para para este sério obrigada	Hello very good afternoon i would like to create a joint account with my boyfriend and i would like to know how is that how is it done process how can i do it and because i cant damn that i couldn't understand and would like to have your help for this serious thank you
770	CA51aab28327ab79a199f97d0384ee670b_3	pt-PT	pt	joint_account	NOT_DISPUTE	dataset	Olá boa tarde Queria configurar uma conta em conjunto uma parceiro Queria saber como é que era possível fazer isso que eu tenho que fazer	Hello good afternoon I wanted to set up an account together with a partner I wanted to know how it was possible to do what I have to do
771	CA0c84b7291c4e13b1d5b9a1ad3df95c07_0	pt-PT	pt	joint_account	NOT_DISPUTE	dataset	Olá bom dia Olhe eu gostava de saber como é que posso fazer para configurar uma conta conjunta isto Eu queria abrir uma conta juntamente com a minha esposa e gostava de saber quais são os passos que devo proceder por seguir Quais são os documentos necessários etc	Hello, good morning. Look, I would like to know how can I do to set up a joint account for this?
772	CAa7fbfdaeae3f99dbf4d7e057469c9538_0	pt-PT	pt	joint_account	NOT_DISPUTE	dataset	Estou sim eu gostaria de saber como é que eu conseguiria ter uma conta com o meu parceiro	I am yes i would like to know how would i get to have an account with my partner
773	CA70dcdcbdce37c0bd858ed7813fc34df4_2	pt-PT	pt	joint_account	NOT_DISPUTE	dataset	preciso fazer uma conta com a minha mulher como é que eu faço	I need to do an account with my wife, how do I do it?
774	CAb9569e1fe617a0c0d2efcb38769e919a_3	pt-PT	pt	joint_account	NOT_DISPUTE	dataset	assim eu estou numa relação com um parceiro e gostava de saber se se posso ter se posso configurar uma conta conjunta com ele e se tem algum aplicativo para para fazer isso Só tenho mesmo de me dirigir ao banco	so i am in a relationship with a partner and i would like to know if i can have it and if i can set up a joint account with him and if he has any application to do that i just have to go to the bank
775	CA86d8d525a7b0cca11676727b545666fa_7	pt-PT	pt	joint_account	NOT_DISPUTE	dataset	Eu quero configurar uma contagem conjunta Como é que eu faço para ter uma conta com o meu parceiro	I want to set up a joint count How do I have an account with my partner
776	CA66b72967684959a0e0e8f7eb42af1b80_0	pt-PT	pt	joint_account	NOT_DISPUTE	dataset	Olá boa tarde eu precisava de saber como é que se fazia para criar uma conta conjunta	Hello good afternoon i needed to know how it was done to create a joint account
777	CA8cac3ca1a1ad8c99eaaa2ab58cac6b5c_0	pt-PT	pt	joint_account	NOT_DISPUTE	dataset	Bom dia Preciso comprar uma conta conjunta para ter como aparecer essa aplicação na via linda	Good morning I need to buy a joint account to have this application appear in via linda
778	CAd0443f4438f84f42d4da96a094dd627c_3	pt-PT	pt	joint_account	NOT_DISPUTE	dataset	Gostaria de saber como é que consigo configurar uma conta conjunta	I would like to know how I can set up a joint account
779	response_22	pt-PT	pt	joint_account	NOT_DISPUTE	dataset	bom dia como é que eu queria ter uma conta conjunta obrigado	good morning how did I want to have a joint account thank you
780	CAf109d451fb2bb10d4ffed840d825f954_0	pt-PT	pt	joint_account	NOT_DISPUTE	dataset	Bom dia eu desejo configurar uma conta conjunta	Good morning I want to set up a joint account
781	response_23	pt-PT	pt	joint_account	NOT_DISPUTE	dataset	boa tarde Eu queria saber se é possível configurar uma conta conjunta com a minha visão não estamos a criar uma conta na possivel Eu queria a tua aplicação tem que me deslocar principalmente Como é que eu faço para criar esta conta	good afternoon I was wondering if it is possible to set up a joint account with my vision we are not creating an account as much as possible I wanted your application to move mainly How do I create this account
782	response_20	pt-PT	pt	joint_account	NOT_DISPUTE	dataset	Eu quero ter uma conta conjunta mas eu não sei como é que hei-de fazer à 1:00 ação Onde posso ver uma conta conjunta ou pode configurar o banco com Andreia para Junta obrigado	I want to have a joint account but I don't know how I will do it at 1:00 AM action Where can I see a joint account or can set up the bank with Andreia for Junta thanks
783	CA02f8a7cadbb61efaccfcc0e3cf04648e_0	pt-PT	pt	joint_account	NOT_DISPUTE	dataset	Olá bom dia estava a tentar configurar uma conta conjunta com o meu parceiro só que eu não consigo encontrar essa opção no aplicativo podemos usar por favor	Hello good morning i was trying to set up a joint account with my partner but i can't find this option in the app can we use it please
784	response_18	pt-PT	pt	joint_account	NOT_DISPUTE	dataset	por favor eu gostaria de configurar uma conta conjunta Como é que é possível fazê-lo	please i would like to set up a joint account how is it possible to do it
785	response_30	pt-PT	pt	joint_account	NOT_DISPUTE	dataset	Como é que eu faço configurar uma conta conjunta não é que pode ter conta de uma parceira Onde é que posso ver no colectivo opção do contente	How do I set up a joint account is not that you can have a partner account Where can I see in the collective option of the content
786	CAf163338a438f11212036b58c97922322_0	pt-PT	pt	joint_account	NOT_DISPUTE	dataset	eu estou ligado porque eu gostava de ver configurar logo conta conjunta mas não sei como eu fui ver só que não podia ajudar a pagar os pais logo assim agradecimento amanhã	I'm connected because I would like to see set up a joint account soon, but I don't know how I went to see it, but I couldn't help paying the parents so thanks tomorrow
787	response_25	pt-PT	pt	joint_account	NOT_DISPUTE	dataset	Good morning I love you know what i need to do to join my account with my Partner	Good morning I love you know what i need to do to join my account with my Partner
788	response_31	pt-PT	pt	joint_account	NOT_DISPUTE	dataset	Boa tarde poderia explicar-me Como é que faço para configurar uma conta conjunta obrigada	Good afternoon could you explain to me How do I set up a joint account required
789	response_19	pt-PT	pt	joint_account	NOT_DISPUTE	dataset	Bom dia eu estava a ligar para saber como é que é possível configurar uma conta conjunta e gostava de adicionar o meu parceiro A conta estava de saber onde é que no aplicativo consigo encontrar essa opção os tem que me dirigir a algum sítio muito obrigada	Good morning I was calling to find out how it is possible to set up a joint account and I would like to add my partner
790	CA812b8647e9aaca62c4b3ae9ca7c36576_0	pt-PT	pt	joint_account	NOT_DISPUTE	dataset	Como faço para configurar uma conta conjunta	How do I set up a joint account
791	response_27	pt-PT	pt	joint_account	NOT_DISPUTE	dataset	Olá bom dia Sim eu gostava de ter configurar uma conta conjunta nossa mãe não sabem como estava a fazer isso com o meu pai e com a minha parceira no aplicativo não estava a encontrar aonde é que posso ok ok ok ok Obrigado sim ok	Hello good morning Yes I would like to have set up a joint account our mother does not know how I was doing this with my father and my partner in the application I was not finding where I can ok ok ok ok Thank you yes ok
792	response_26	pt-PT	pt	joint_account	NOT_DISPUTE	dataset	Como faço para configurar uma conta conjunta	How do I set up a joint account
793	CA72f123b725e5fff7e4be1ef8f61cd9b9_2	pt-PT	pt	joint_account	NOT_DISPUTE	dataset	ligar porque é que cada uma configurar uma conta conjunta com a minha mãe mas não estou aqui embora aplicativo a opção para criar uma conta conjunta Gostava de saber o que é que como é que você dia Catarina opções	call why do we each set up a joint account with my mom but i'm not here although I use the option to create a joint account
794	CA28f0679f1dac768d92acfc2a47df2d51_2	pt-PT	pt	abroad	NOT_DISPUTE	dataset	Olá queria saber se o meu cartão funciona no exterior	Hello I was wondering if my card works abroad
795	CA4020ae34ee0d5b6f3c59e8d4e02cbbbe_6	pt-PT	pt	abroad	NOT_DISPUTE	dataset	Olá bom dia e um bolo de férias daqui a uns dias e necessitava de saber se precisava de fazer alguma coisa por favor	Hello good morning and a holiday cake in a few days and I needed to know if I needed to do something please
796	CA2935fe8eb6b63e403559feeb7a1dd6c6_5	pt-PT	pt	abroad	NOT_DISPUTE	dataset	Boa tarde preciso de usar meu cartão de crédito fora do país sem saber se é possível e se for possível ser necessário fazer alguma ao cimento antes de ir	Good afternoon I need to use my credit card outside the country without knowing if it is possible and if it is possible to make some cement before going
797	CA6f601408612d7e7b3990dff73d705572_5	pt-PT	pt	abroad	NOT_DISPUTE	dataset	Ok muito obrigado mas o que gostava de saber É eu no estrangeiro posso utilizar este cartão eu sou vosso cliente	Ok thank you very much but what I would like to know Is it me abroad I can use this card I am your client
798	CAf2beeb59c82ce2de659bd4a7f3bb6914_3	pt-PT	pt	abroad	NOT_DISPUTE	dataset	Eu tenho um cartão multibanco e precisava de saber se se ele funciona na América uma vez que vou de férias	I have an ATM card and I needed to know if it works in America since I go on vacation
799	CAeecf6c1d0b688487390760e8a5461fad_1	pt-PT	pt	abroad	NOT_DISPUTE	dataset	Se eu for viajar para a Itália posso usar o cartão	If I travel to Italy I can use the card
800	CA657a0d74bf9f5a4724fc855c40640fdb_3	pt-PT	pt	abroad	NOT_DISPUTE	dataset	Boa tarde eu vou sair do meu país e gostava de saber se o meu cartão funciona Lá fora será que me podia ajudar	Good afternoon, I'm leaving my country and I would like to know if my card works. Could you help me out there?
801	CA779ad293ab4ea5ae3001c72d7d452d1f_2	pt-PT	pt	abroad	NOT_DISPUTE	dataset	Olá bom dia eu tenho um cartão e eu precisava de utilizar o meu cartão no exterior ele como é que eu posso fazer ele pagar as minhas coisas com este cartão quando estou na América	Hello good morning i have a card and i needed to use my card abroad him how can i make him pay for my things with this card when i am in america
802	CAdfe667db294316d6bed3b9f927bf45e7_2	pt-PT	pt	abroad	NOT_DISPUTE	dataset	Olá boa tarde vocês vão as férias pelo umas semanas e queria perguntar se tenho tenho que fazer alguma coisa	Hello good afternoon you are going on vacation for a few weeks and i wanted to ask if i have to do something
803	CA44a05bc8aeace0df4b53347bb0c9840e_0	pt-PT	pt	abroad	NOT_DISPUTE	dataset	Olá eu preciso de um cartão porque eu eu estou fora e eu vou de férias por algumas semanas e preciso de pagar algumas coisas em quando estou em quando estou nos Estados Unidos e como tal pedir um cartão obrigado	Hello i need a card because i'm out and i'm going on vacation for a few weeks and i need to pay some things when i'm in when i'm in the united states and as such request a card thanks
804	CA6cd012bfd0d9c3e68f8aba11443e8bae_1	pt-PT	pt	abroad	NOT_DISPUTE	dataset	Olá eu tenho um cartão deste sangue e eu gostaria de saber se posso usar no estrangeiro vou fazer uma viagem e se posso usar por exemplo quando estou na América ou quando vou para outros países da Europa pá	Hello I have a card of this blood and I would like to know if I can use it abroad I will take a trip and if I can use it for example when I am in America or when I go to other countries in Europe
805	CAe9ce705fb3e8095290f0158d209689ee_3	pt-PT	pt	abroad	NOT_DISPUTE	dataset	Não tenho cartão do banco e queria saber se funcionar vamos também já não vou de férias no próximo mês e gostaria também funcionaria na América ou se tem que ativar é preciso ativar alguma função algo sério	I do not have a bank card and I wanted to know if it works, we will not be going on vacation next month, and I would also like to work in America or if you have to activate it, you need to activate some function
806	CA6f601408612d7e7b3990dff73d705572_3	pt-PT	pt	abroad	NOT_DISPUTE	dataset	Olá boa tarde O que se passa que eu fiquei com o meu cartão no vosso banco e vou para o estrangeiro e eu precisava de saber se o cartão também funcionava no estrangeiro	Hello good afternoon what happens i got my card in your bank and i am going abroad and i needed to know if the card also worked abroad
807	CA44c929fee0c2c77c962ea4399fcc8971_0	pt-PT	pt	abroad	NOT_DISPUTE	dataset	é preciso no cartão no exterior Posso usar Olá sim vou sair de férias por algumas semanas e queria perguntar se tenho que fazer alguma coisa pagar as coisas quando estou na América	I need it on the card abroad I can use it hello yes I'm going on vacation for a few weeks and I wanted to ask if I have to do anything to pay for things when I'm in America
808	CA8e652ba433b5fd2459dca297b082c042_2	pt-PT	pt	abroad	NOT_DISPUTE	dataset	preciso de usar o cartão no estrangeiro	I need to use the card abroad
809	CA48cd2b1c9245b1e16b66800c03245806_3	pt-PT	pt	abroad	NOT_DISPUTE	dataset	dá para usar o meu cartão do banco se eu estiver no outro país ou se tiver de férias durante alguns dias com a minha família ou tenho que ter algum outro procedimento	you can use my bank card if I am in another country or if you are on vacation for a few days with my family or I have to have some other procedure
810	CA591b8f30d7f36b3aad724986144542d0_2	pt-PT	pt	abroad	NOT_DISPUTE	dataset	Ah então eu tenho um cartão do meu banco e eu gostaria de saber se também funciona no exterior por exemplo se posso pagar coisas quando estou fora do país por exemplo na América se vou de férias durante Algumas semanas Gostaria de saber se tinha de fazer alguma coisa	Ah so I have a card from my bank and I would like to know if it also works abroad for example if I can pay for things when I am out of the country for example in America if I go on vacation for a few weeks I would like to know if I had to do something
811	CA820d16ea55f106476035f993880c4859_1	pt-PT	pt	abroad	NOT_DISPUTE	dataset	Bom dia Tenho Gostava de saber se conseguir dar o vosso cartão fora do país Pois é preciso saber quais os procedimentos a criança adotar para ter conhecimento resolver esse problema	Good morning I would like to know if you are able to give your card outside the country.
812	CA374ead6951e2f4489a2f325b3beee757_2	pt-PT	pt	abroad	NOT_DISPUTE	dataset	Boa tarde gostava de saber se com o cartão que eu aqui no país em Portugal se posso usar no estrangeiro	Good afternoon I would like to know if I can use it abroad in Portugal
813	CAce05cf69ad4cb69d32af5266c534eedf_6	pt-PT	pt	abroad	NOT_DISPUTE	dataset	Boa tarde eu tenho umas férias para América mais especificamente você durante uma semana e gostaria de saber se o meu cartão funciona no estrangeiro ou se eu tenho que fazer uma coisa antes de sair do país Boa tarde de saber se posso dar o meu cartão estrangeiro no exterior se posso pagar as coisas como estão a médica que vou de férias ou tem que fazer alguma coisa antes	Good afternoon I have a vacation to America more specifically you for a week and I would like to know if my card works abroad or if I have to do something before leaving the country Good afternoon to know if I can give my foreign card at abroad if I can pay for things as the doctor is going on vacation or have to do something before
814	CA629fce6854cc925ccc6f29fe8ad2a2d4_2	pt-PT	pt	abroad	NOT_DISPUTE	dataset	o meu cartão não funciona no estrangeiro	my card does not work abroad
815	CA55a9afa8a05de76c95995d6640f4bd7f_2	pt-PT	pt	abroad	NOT_DISPUTE	dataset	eu preciso do meu cartão no exterior	i need my card abroad
816	CA0af2f6287d471032addb4b0d879a7d94_3	pt-PT	pt	abroad	NOT_DISPUTE	dataset	Como é que posso usar este cartão exterior	How can I use this outer card
817	CA20b69d86edd384e3803aff9ece6c9c03_2	pt-PT	pt	abroad	NOT_DISPUTE	dataset	Boa tarde gostaria de saber se o meu cartão funciona no estrangeiro	Good afternoon I would like to know if my card works abroad
818	CA2fcc327eed771a4d82c4802d456f6127_3	pt-PT	pt	abroad	NOT_DISPUTE	dataset	Olá boa tarde eu gostaria de saber se o meu cartão também funciona fora de Portugal queria pagar algumas coisas agora quando for para América e isso e se também quando for de férias vou ter o cartão a funcionar	Hello good afternoon I would like to know if my card also works outside Portugal I would like to pay for some things now when I go to America and that and if I go on vacation, I will have the card working
819	CA212e32519e75347059cc5f2eb6848c73_3	pt-PT	pt	abroad	NOT_DISPUTE	dataset	Olá então eu tenho um cartão e precisava de saber usar o meu cartão no exterior por exemplo posso pagar as coisas quando estou na América	Hello so i have a card and i needed to know how to use my card abroad for example i can pay for things when i am in america
820	CA9f5bac0e45ad1f95b83fc4e4253abfb7_2	pt-PT	pt	abroad	NOT_DISPUTE	dataset	Eu tenho um cartão e queria saber como é que ele funciona fora no país tem que fazer alguma coisa como é que eu uso	I have a card and wanted to know how it works out in the country have to do something how do I use
821	CAe51c9ca4d2e65b98f00b372a480f8867_2	pt-PT	pt	abroad	NOT_DISPUTE	dataset	eu preciso do meu cartão no exteriores é possível apagar aquilo que tenho na América	i need my card abroad it is possible to erase what i have in america
822	CAa346dc5a8d214008ce32da62d2c9d960_2	pt-PT	pt	abroad	NOT_DISPUTE	dataset	Olá boa tarde eu tenho um cartão do vosso banco e só pensar em viajar agora para a semana Gostaria de saber se eu consegui usar o cartão quando estiver fora do meu país	Hello good afternoon i have a card from your bank and just thinking about traveling now for the week i wonder if i managed to use the card when i am out of my country
823	CA14f885e3c094ce5926a8fe4f70567798_1	pt-PT	pt	abroad	NOT_DISPUTE	dataset	por exemplo eu gostava de saber se eu posso pôr as minhas coisas que no cartão quando estou no Estados Unidos	for example I would like to know if I can put my things on the card when I'm in the United States
824	CA3b1b8da772a8ce668baebb999a16a09f_4	pt-PT	pt	abroad	NOT_DISPUTE	dataset	eu preciso do meu cartão no exterior	i need my card abroad
825	CA9082fd3280fba5d5fbf3781d94a53975_1	pt-PT	pt	abroad	NOT_DISPUTE	dataset	Boa tarde Queria saber se o meu cartão não funciona no exterior forte de Portugal muito fixes	Good afternoon I would like to know if my card does not work in the strong exterior of Portugal very cool
826	CAcc874c9e8eea0a5943f4b77cd5155e35_2	pt-PT	pt	abroad	NOT_DISPUTE	dataset	Eu preciso de utilizar o meu cartão de crédito fora do país é e gostava de saber sim quando estiver no Estados Unidos se terei dificuldades em fazer pagamentos	I need to use my credit card outside the country and I would like to know when I am in the United States if I will have difficulty making payments
827	CAfabed6cccf6c33abd7d291dca9f1f0db_2	pt-PT	pt	abroad	NOT_DISPUTE	dataset	boa tarde Eu queria uma informação eu tenho um cartão do vosso branco banco e queria saber se ao viajar se ele funciona Lá fora mesmo em países da Europa e fora da Europa	good afternoon i wanted some information i have a card from your white bank and i was wondering if when traveling if it works out there even in european countries and outside europe
828	CAa2a8cc5bf6e12e022fd9880b346518ce_2	pt-PT	pt	abroad	NOT_DISPUTE	dataset	Olá eu vou de férias na próxima semana e eu tenho o cartão deste banco e gostava de saber se ele funciona no exterior preciso fora do país	Hello I'm going on vacation next week and I have this bank card and I would like to know if it works abroad I need it outside the country
829	CA5247dc22c0da4b8dd34d6310a6bdb221_4	pt-PT	pt	abroad	NOT_DISPUTE	dataset	precisava de fazer se o meu cartão funciona no estrangeiro eu preciso de saber se posso ir lá fala	I needed to do if my card works abroad I need to know if I can go there
830	CA1aeeb926473564be2653fb5c0442d5f4_4	pt-PT	pt	abroad	NOT_DISPUTE	dataset	Olá boa tarde daqui fala o segredo para falar com o banco imaginar sério eu tenho aqui uma dúvida eu vou viajar Eu vou precisar do meu cartão no exterior para fazer compras comprar formação de às 7:00 e como não quero levar dinheiro em mão ou agora tinha levado cartão E era para perguntar se pode pagar as coisas quando estou fora e eu vou viajar para a médica e gostaria de saber se lá o cartão profissional	Hello, good afternoon, here is the secret to talking to the bank. Imagine seriously, I have a question here. I will travel. I had taken a card And it was to ask if you can pay for things when I'm away and I'm going to travel to the doctor and I would like to know if there is a professional card
831	CA265a820dff5459780b4673c3ae89e7df_2	pt-PT	pt	abroad	NOT_DISPUTE	dataset	posso pagar as coisas quando estou na América	can i pay for things when i am in america
832	CA4212a3952d0ca4850e566874e1407318_2	pt-PT	pt	abroad	NOT_DISPUTE	dataset	Olá assim eu vou vou sair do país por algum tempo e queria saber se o cartão funciona no estrangeiro se preciso fazer alguma coisa	Hello so I'm going to leave the country for a while and I was wondering if the card works abroad if I need to do something
833	CA586b752585d0c397ba85fa29a32091b7_1	pt-PT	pt	abroad	NOT_DISPUTE	dataset	Olá sim vou sair de férias para algumas semanas e queria perguntar se tem que fazer alguma coisa eu preciso do meu cartão no exterior	Hello yes i am going on vacation for a few weeks and i wanted to ask if you have to do anything i need my card abroad
834	CA4aa91a73b1ace6a80f001d73dc2e88b2_2	pt-PT	pt	abroad	NOT_DISPUTE	dataset	Olá boa tarde eu gostaria de saber se o cartão do meu banco poderá funcionar fora do meu país Isto é eu gostaria de fazer compras especialmente em perfumes na França e não sei se o meu cartão português consegue fazer compras na França	Hello, good afternoon. I would like to know if my bank card can work outside my country. That is, I would like to shop especially for perfumes in France and I don't know if my Portuguese card can shop in France.
835	CA1486fdbafb6d8a2641ecb541b7f361e2_8	pt-PT	pt	abroad	NOT_DISPUTE	dataset	Olá boa tarde eu estava a ligar para vocês porque eu vou viajar daqui a uns dias e como tenho um cartão do vosso banco Gostava de saber se ele funciona no território nacional mas queria saber se no estrangeiro também poderia levantar dinheiro e fazer pagamentos sem custos adicionais	Hello good afternoon I was calling you because I am going to travel in a few days and as I have a card from your bank I would like to know if it works in the national territory but I would like to know if abroad you could also withdraw money and make payments without additional costs
836	CA9b2964d73a9784ca4b03d6c0ce0ef47a_2	pt-PT	pt	abroad	NOT_DISPUTE	dataset	eu gostaria de saber se o meu cartão do banco também funciona no exterior por exemplo posso pagar coisas quando se toma na América Estou sim	i would like to know if my bank card also works abroad for example i can pay for things when taken in america i am yes
837	CA4fde63e3e6be360bd887dfd727b385d3_5	pt-PT	pt	abroad	NOT_DISPUTE	dataset	cartão no exterior quando tiver na América do Norte posso pagar as minhas coisas	abroad when in North America I can pay for my things
838	CA2234890bf7ee11ae3eebdfa789f370a0_1	pt-PT	pt	abroad	NOT_DISPUTE	dataset	E tu na América posso pagar as coisas quando eu estou lá	And you in America can pay for things when I'm there
839	CAe0b3bd7802aa8a8c49e631dc963160f0_3	pt-PT	pt	abroad	NOT_DISPUTE	dataset	você tem o cartão do salão que você quer saber para mim começar no exterior por exemplo eu preciso do meu cartão do exterior posso pagar as coisas quando estou na América Olá assim vou ser feliz com algumas semanas e queria perguntar se tem que fazer alguma coisa	you have the salon card you want to know for me to start abroad for example i need my card abroad i can pay for things when i am in america hello i will be happy with a few weeks and i wanted to ask if you have to do something
840	CA5719e2617ea4eb62447cba4238fdbd98_4	pt-PT	pt	abroad	NOT_DISPUTE	dataset	Olá eu preciso de usar o meu cartão do exterior	Hello i need to use my card from abroad
841	CAac0b2549e36581ab7956cb98db8a658a_2	pt-PT	pt	abroad	NOT_DISPUTE	dataset	Boa tarde eu tenho um catálogo no seu banco Eu quero saber se ele funciona se tiver a fazer uma viagem ou se tiveres a falar deste país	Good afternoon I have a catalog in your bank I want to know if it works if you have to take a trip or if you have to talk about this country
842	CAf725e67d481bd4a064e829adae4b3e74_2	pt-PT	pt	abroad	NOT_DISPUTE	dataset	Eu gostava de saber se o meu cartão poderá ser utilizado no exterior	I would like to know if my card can be used abroad
843	CAd13d8227931ec22d1e7d113a0c1ecff0_1	pt-PT	pt	abroad	NOT_DISPUTE	dataset	eu gostaria de saber como funciona o cartão quando Se viaja para fora sendo que eu vou passar umas férias e precisava de saber se o cartão que estou a utilizar funciona ou se tem utilizar outro cartão para funcionar no exterior é possível usar mesmo ou é necessário usar outro para pagar as coisas que preciso no país onde ir aí me encontrar	I would like to know how the card works when traveling abroad and I am going to spend a holiday and I needed to know if the card I am using works or if you have to use another card to work abroad it is possible to use it or it is necessary to use it another to pay for the things I need in the country where to go there find me
844	CA9f42886680d043e41e45afd9aad2cfdc_0	pt-PT	pt	abroad	NOT_DISPUTE	dataset	Olha eu eu tenho um cartão no seu banco e eu queria saber se eu consigo usar esse cartão no estrangeiro	Look, I have a card in your bank and I was wondering if I can use that card abroad
845	CA1db65534969e328d971a60e9ec058433_2	pt-PT	pt	abroad	NOT_DISPUTE	dataset	Boa tarde eu tenho um cartão registado no meu banco em Portugal e gostava de saber se este mesmo Funciona num país estrangeiro como por exemplo se eu quiser e viajar e poder efetuar compras nesse mesmo	Good afternoon I have a card registered with my bank in Portugal and I would like to know if it works in a foreign country, for example if I want to travel and be able to shop there
846	CAd38ab9a018cc3e1ca5b0e5c41dad8db2_3	pt-PT	pt	abroad	NOT_DISPUTE	dataset	Boa tarde eu tenho o cartão e gostava de saber se o cartão funciona no estrangeiro exemplos posso pagar coisas também América	Good afternoon I have the card and I would like to know if the card works abroad
847	CA5328e6689d48d7f82831587834b8b870_1	pt-PT	pt	abroad	NOT_DISPUTE	dataset	vou viajar para para América e gostaria de saber se o meu cartão de crédito está válido e qual o plafon que tem de disponível	I am going to travel to America and I would like to know if my credit card is valid and which plafon is available
848	CA269e63f4381658ad0dcf33014906ca7a_3	pt-PT	pt	abroad	NOT_DISPUTE	dataset	vou viajar para América e não sei se consigo pagar com o meu Cartão bancário	I'm going to travel to America and I don't know if I can pay with my Bank Card
849	CAfb5d556c6173357ed0695b25fcdca446_3	pt-PT	pt	abroad	NOT_DISPUTE	dataset	é preciso no cartão no exterior do meu cartão no exterior	I need it on the card on the outside of my card on the outside
850	CAcb1e890aa237099c518c16a0d094792c_2	pt-PT	pt	abroad	NOT_DISPUTE	dataset	Boa tarde eu tenho um cartão do banco e gostava de saber se funciona no exterior que gostava de fazer compras no exterior e não sei se funciona	Good afternoon I have a bank card and I would like to know if it works abroad I would like to shop abroad and I don't know if it works
851	CA527db267699bafe48f0ebc1f7afb5713_2	pt-PT	pt	abroad	NOT_DISPUTE	dataset	Boa tarde então eu tenho um cartão do banco e eu queria saber se posso fazer pagamento e e fazer transações no exterior Ou seja vou viajar e preciso de fazer pronto contar dinheiro no banco fora do país não é que funciona esse tem que fazer alguma coisa para ativar o cartão dele	Good afternoon so I have a bank card and I wanted to know if I can make payments and do transactions abroad I mean I am going to travel and I need to make ready to count money in the bank outside the country. his card
852	CA0a864bc33a6c9f2438955adf1c0b5c3c_1	pt-PT	pt	abroad	NOT_DISPUTE	dataset	Estou sim boa noite Eu estou a contactar o outro banco porque eu tenho um cartão do mesmo e gostaria de saber se o cartão que funciona funciona agora do escritório nacional é que parece Mana vou fazer uma viagem e gostaria de saber se era possível fazer compras com cartão fora do país	Yes, I'm good night. I'm contacting the other bank because I have a card from the same bank and I would like to know if the card that works now works at the national office. It looks like Mana. card outside the country
853	CA1318ce487a9bc9c92ff5ea722c36a91b_4	pt-PT	pt	abroad	NOT_DISPUTE	dataset	Olá boa noite Eu vou de férias com o meu namorado e que gostava de saber se o meu cartão funciona se posso levantar dinheiro Só se usa pagamentos	Hello good night I'm going on vacation with my boyfriend and I would like to know if my card works if I can withdraw money Only if you use payments
854	CA80007bca82031e83ee00317488b989ee_2	pt-PT	pt	abroad	NOT_DISPUTE	dataset	eu preciso do meu cartão para usar no outro país que posso pagar o meu cartão com o meu cartão quando estou na América porque eu vou passar algum passar férias algumas semanas e queria perguntar tenho que fazer alguma coisa	i need my card to use in another country i can pay my card with my card when i am in america because i am going to spend some vacation a few weeks and i wanted to ask i have to do something
855	CA7d6bdf64160f6a064842b02e58c43b2a_2	pt-PT	pt	abroad	NOT_DISPUTE	dataset	Então Olá muito boa tarde Estou a ligar porque eu quero eu vou fazer uma viagem de trabalho e gostaria de saber se é possível utilizar o meu cartão de Multibanco no estrangeiro para efetuar pagamentos	So hello very good afternoon I am calling because I want to go on a business trip and I would like to know if it is possible to use my ATM card abroad to make payments
856	CA3aa65c057f56807b0cf365bce1809bc5_4	pt-PT	pt	abroad	NOT_DISPUTE	dataset	eu gostaria de saber se o cartão que eu tenho funciona noutros países	I would like to know if the card I have works in other countries
857	CAcfe944c64ba78a05fe3735006f7b07f2_7	pt-PT	pt	abroad	NOT_DISPUTE	dataset	eu preciso do meu cartão no exterior posso pagar as coisas quando estou na América ou assim vou sair de férias por algumas semanas queria perguntar se tenho que fazer alguma coisa	i need my card abroad i can pay for things when i am in america or so i am going on vacation for a few weeks i wanted to ask if i have to do something
858	CA626d9ad96c7f86c8dfcc632010b48490_2	pt-PT	pt	abroad	NOT_DISPUTE	dataset	eu preciso do meu cartão no exterior	i need my card abroad
859	CA1b7193376193c16d03f90e133d2f13c5_2	pt-PT	pt	abroad	NOT_DISPUTE	dataset	Portanto eu tenho cartão do meu banco e gostaria de saber se ele também funciona no estrangeiro no exterior	So I have my bank card and I would like to know if it also works abroad
860	CAf70be20fff527ed2a53b9434f7012d18_5	pt-PT	pt	abroad	NOT_DISPUTE	dataset	Não eu preciso saber o meu cartão funciona quando estiver no exterior	No i need to know my card works when abroad
861	CAc4bdf5f44e193cd211f6a047c082b716_2	pt-PT	pt	abroad	NOT_DISPUTE	dataset	Eu tenho um cartão do vosso banco e queria saber se funciona no exterior preciso do meu carro no exterior	I have a card from your bank and I wanted to know if it works abroad I need my car abroad
862	CA5ff06d62f3bab8e4a8b354df8231e160_2	pt-PT	pt	abroad	NOT_DISPUTE	dataset	Então eu tenho o meu cartão e gostava de saber se eu neste momento viajar para um país que seja fora do meu atual se ele também vai funcionar ou tem que fazer alguma coisa em específico	So I have my card and I would like to know if I am currently traveling to a country that is outside my current one if it will also work or have to do something specific
863	CAf3a732f29df53adcac88f32bd91f5640_2	pt-PT	pt	abroad	NOT_DISPUTE	dataset	Olá eu gostava de saber informações do meu cartão Se eu quando for viajar para fora do sítio onde estou agora se consigo utilizar o cartão na mesma posso fazer pagamentos por exemplo na América estou	Hello I would like to know my card information If I am going to travel outside the place where I am now if I can use the card anyway I can make payments for example in America I am
864	CAac3609a867f7397c6cd315043c469222_3	pt-PT	pt	abroad	NOT_DISPUTE	dataset	Olá eu tenho um cartão Aliados e de um cartão para o exterior eu posso pagar coisas na América	Hello I have an Allied card and a card abroad I can pay for things in America
865	CA72828b642be60c8b8447977a17a3eb99_2	pt-PT	pt	abroad	NOT_DISPUTE	dataset	assim eu tenho eu tenho o cartão deste ano e eu vou à América de férias e gostaria de saber se era preciso fazer alguma coisa para pronto alguma tipografia para ativar ou sim	so i have i have this year's card and i'm going to america on vacation and i would like to know if it was necessary to do anything to ready some typography to activate or yes
866	CA27c7b9131e415a6ba8429cdee85efb07_1	pt-PT	pt	abroad	NOT_DISPUTE	dataset	Boa tarde Eu preciso de usar o meu cartão no exterior e queria saber se por exemplo pode pagar as coisas quando estou na América	Good afternoon I need to use my card abroad and I was wondering if for example you can pay for things when I'm in America
867	CA68cab9cfb046a6973a816a7c6ce2d74e_0	pt-PT	pt	abroad	NOT_DISPUTE	dataset	Olá eu tenho um cartão vosso e quero usá-lo nos Estados Unidos da América já que eu posso usar lá para fazer as minhas compras porque eu vou sair de férias e queria saber se tenho que fazer alguma coisa antes de ir obrigada	Hello I have a card of yours and I want to use it in the United States of America since I can use it there to do my shopping because I'm going on vacation and I wanted to know if I have to do anything before I go thanks
868	CA1235bc913ff3ba7ac0a68b9244057e68_2	pt-PT	pt	abroad	NOT_DISPUTE	dataset	Olá eu tenho um cartão e queria saber como é que tu não funciona no exterior	Hello I have a card and I wanted to know how you don't work abroad
869	CA9f2b2e9c620eb03c09221219ebcedb90_0	pt-PT	pt	abroad	NOT_DISPUTE	dataset	Olá eu gostava de saber se posso pagar as coisas quando estou na América eu precisava do meu cartão no exterior funcionasse no estrangeiro vou fazer férias na próxima semana e gostava de saber se posso tenho que fazer alguma coisa	Hello i would like to know if i can pay for things when i am in america i needed my card abroad to work abroad i will go on vacation next week and i would like to know if i can i have to do something
870	CAa48cfa9fa796e16d225270356978ce54_2	pt-PT	pt	abroad	NOT_DISPUTE	dataset	Olá boa tarde então eu também o cartão do nosso banco e eu vou viajar e gostava de saber se posso usar esse cartão NOS digo porque eu vou viajar e precisava do cartão é possível	Hello, good afternoon, so do I also use our bank card and I will travel and I would like to know if I can use this card. I tell you why I am going to travel and I needed the card.
871	CAf70be20fff527ed2a53b9434f7012d18_3	pt-PT	pt	abroad	NOT_DISPUTE	dataset	Olá eu vou viajar para o exterior e gostaria de saber e eu no cartão funciona no estrangeiro Alô Eu preciso saber se no cartão do banco funciona no exterior	Hello I am going to travel abroad and I would like to know and I work abroad on the card Hello I need to know if the bank card works abroad
872	CA1f8647d95bd51c9a59389220c42e2388_3	pt-PT	pt	abroad	NOT_DISPUTE	dataset	Olá sim boa tarde eu tenho um cartão de crédito neste banco e gostava de saber se este cartão funciona se ele for a qualquer outro país só que funciona Estando na União Europeia e no resto do mundo sem ser da União Europeia	Hello yes good afternoon i have a credit card at this bank and i would like to know if this card works if it goes to any other country but it works Being in the European Union and the rest of the world other than the European Union
873	CA747ebb41bd4a5191e673f846fbb36478_4	pt-PT	pt	abroad	NOT_DISPUTE	dataset	Olá boa tarde eu vou estar de viagem para fora de Portugal e gostaria de saber se é possível utilizar o meu cartão no fórum Então de Portugal e o que é isso E para isso O que é que eu hei-de fazer para tomar algumas precauções ou tratar de alguma coisa no próprio banco era isso que queria saber então obrigada	Hello good afternoon I will be traveling outside of Portugal and I would like to know if it is possible to use my card in the So Portugal forum and what it is And for that What am I going to do to take some precautions or taking care of something at the bank was what I wanted to know so thank you
874	CA6c00226d9ce1563f8075412bffc86a66_9	pt-PT	pt	abroad	NOT_DISPUTE	dataset	Eu tenho um cartão do seu banco e eu gostava de saber se tenho possibilidade de usar esse mesmo cartão no estrangeiro	I have a card from your bank and I would like to know if I can use that card abroad
875	CA76341380336fd6d09bcc42e36e45fc4d_5	pt-PT	pt	abroad	NOT_DISPUTE	dataset	preciso de utilizar o meu cartão no estrangeiro	I need to use my card abroad
876	CA079ccbb663b1cd48e921af3733ce5161_3	pt-PT	pt	abroad	NOT_DISPUTE	dataset	espera saber se o meu cartão do meu país também poderia funcionar no estrangeiro quando fosse viagem	expect to know if my country card could also work abroad when traveling
877	CA8c08c39f2d45a5a40eb68bb5426fe63e_2	pt-PT	pt	abroad	NOT_DISPUTE	dataset	eu tenho cartão de banho e preciso de usar fora do país Posso ir bem Eu preciso do meu cartão no exterior	I have a bath card and I need to use it abroad I can do well I need my card abroad
878	CA0baaff58c0b547862c2aa9d2f95d52f6_1	pt-PT	pt	abroad	NOT_DISPUTE	dataset	Eu preciso de um cartão multibanco quando estiver fora do país quando for para América De modo que possa fazer comprar diversas coisas e dos meus próprios pagamentos e como vou de férias por algumas semanas Gostaria de perguntar tenho que fazer alguma coisa para obter o cartão	I need an ATM card when I am out of the country when I go to America So that I can buy various things and my own payments and as I go on vacation for a few weeks I would like to ask do I have to do something to get the card
879	CA89738e6addd677e2e27972aa0968ea3d_2	pt-PT	pt	abroad	NOT_DISPUTE	dataset	Eu preciso de um cartão no exterior e gostaria de saber se o meu cartão de funciona quando estou na América porque não sei eu preciso do meu cartão no exterior tenho de saber se posso pagar quando estou na América estou	I need a card abroad and I would like to know if my card works when I am in America because I don't know I need my card abroad I have to know if I can pay when I am in America I am
880	CAf127defad3bac3ea426618860ad232aa_1	pt-PT	pt	abroad	NOT_DISPUTE	dataset	Olá boa tarde eu vivo Eu vivo na Espanha e queria queria fazer uma viagem comigo família para posterior Eu gostava de saber o meu cartão no cartão de cartão do banco e dá para usar no exterior ou assim	Hello good afternoon i live i live in spain and wanted to wanted to take a trip with my family for later i would like to know my card on the bank card and can be used abroad or something
881	CA82842981aceb313148d559e3ed024ed5_1	pt-PT	pt	abroad	NOT_DISPUTE	dataset	Boa noite eu estou a contactar o vosso banco porque eu tenho um cartão e gostaria de saber se o mesmo Funciona no exterior é que eu vou de férias para a semana e queria queria saber se dava para fazer compras fora do território nacional	Good night, I'm contacting your bank because I have a card and I would like to know if it works abroad Is it that I'm going on vacation for the week and I wanted to know if I could do shopping outside the national territory
882	CAee8bd001ed495a0e732688fa15c855b4_2	pt-PT	pt	abroad	NOT_DISPUTE	dataset	Gostaria de saber se o meu coração quando estiver de férias fora do país	I wonder if my heart is on vacation abroad
883	CAbec16c2f8cf240d0de01ffaba3c6f7b9_2	pt-PT	pt	abroad	NOT_DISPUTE	dataset	Olá boa tarde é assim eu tenho um cartão do banco do banco e eu gostava de saber se for viajar por exemplo se posso usar o meu cartão se por exemplo posso usar o meu cartão no outro país porque eu estou a pensar viajar para América e já saber se posso pagar usando vosso cartão na América eu vou fazer umas férias e e gostava de saber se tem que fazer alguma coisa para usar o cartão lá fora	Hello good afternoon this is how I have a bank card from the bank and I would like to know if I am going to travel for example if I can use my card if for example I can use my card in another country because I am thinking of traveling to America and already to know if I can pay using your card in America I’m going on a vacation and and I’d like to know if you have to do anything to use the card outside
884	CAe29689bc7ea0f4101143506baf8d68fe_2	pt-PT	pt	abroad	NOT_DISPUTE	dataset	posso pagar as minhas coisas quando estou na América	can i pay for my things when i am in america
885	CA69a43563017b52900eec1d59305a54da_1	pt-PT	pt	abroad	NOT_DISPUTE	dataset	muito bom dia eu tenho um cartão no meu banco e queria saber se ele também funciona no exterior e queria saber se posso pagar as coisas quando estou por exemplo nos Estados Unidos da América	very good morning i have a card in my bank and i was wondering if it also works abroad and i was wondering if i can pay for things when i am for example in the united states of america
886	response_4	pt-PT	pt	atm_limit	NOT_DISPUTE	dataset	Olá bom dia eu gostava de tirar dinheiro da minha conta bancária e gostava de saber qual é o limite e quanto é que quando dinheiro é que eu posso tirar	Hello good morning i would like to take money out of my bank account and i would like to know what the limit is and how much it is when money can i take
887	response_16	pt-PT	pt	atm_limit	NOT_DISPUTE	dataset	Qual o meu limite da caixa eletrónico posso aumentar o meu limite de saco no caixa eletrónico Quanto dinheiro Posso retirar	What is my ATM limit I can increase my bag limit at the ATM How much money can I withdraw
888	CA6f5e30b4e4822068ee3965e2d675ef9f_0	pt-PT	pt	atm_limit	NOT_DISPUTE	dataset	Olá pretendo saber qual é o máximo que posso sacar no caixa eletrónico	Hello I want to know what is the maximum I can withdraw from the ATM
889	response_5	pt-PT	pt	atm_limit	NOT_DISPUTE	dataset	Qual é o meu limite na caixa electrónica	What is my limit on the ATM
890	response_7	pt-PT	pt	atm_limit	NOT_DISPUTE	dataset	Olá boa tarde eu gostava de saber qual é que é o limite que eu tenho na minha caixa eletrónica para levantamentos se é possível a um aumento do limite do montante que Posso retirar o quanto dinheiro é que posso retirar obrigado	Hello good afternoon I would like to know what is the limit I have on my ATM for withdrawals if it is possible to increase the limit of the amount I can withdraw how much money can I withdraw thanks
891	response_28	pt-PT	pt	atm_limit	NOT_DISPUTE	dataset	bom dia quero saber qual é o limite máximo do Dinheiro da caixa electrónica obrigado	good morning I want to know what is the maximum limit of the ATM money thank you
892	response_6	pt-PT	pt	atm_limit	NOT_DISPUTE	dataset	posso aumentar o limite para retirar	can i increase the limit to withdraw
893	response_2	pt-PT	pt	atm_limit	NOT_DISPUTE	dataset	Qual é a quantidade máxima de dinheiro que posso tirar da caixa e complementar o meu limite	What is the maximum amount of money I can take out of the box and supplement my limit
894	response_11	pt-PT	pt	atm_limit	NOT_DISPUTE	dataset	Bom dia queria tirar dinheiro da caixa da Tónica queria saber quanto é que posso tirar	Good morning I wanted to take money out of Tónica's box I wanted to know how much I can take
895	CAf993dfd97839777adb6e202245b9ba20_0	pt-PT	pt	atm_limit	NOT_DISPUTE	dataset	como sobre débitos diretos Queria ver uma débito direto e queria vou ver o meu débito direto	how about direct debits I wanted to see a direct debit and wanted to see my direct debit
896	response_10	pt-PT	pt	atm_limit	NOT_DISPUTE	dataset	Qual é o meu limite na caixa electrónica	What is my limit on the ATM
897	response_38	pt-PT	pt	atm_limit	NOT_DISPUTE	dataset	Olá bom dia Gostaria de saber qual seria o máximo de dinheiro que se pode sacar da caixa electrónica	Hello good morning I wonder what would be the maximum money that can be withdrawn from the ATM
898	response_3	pt-PT	pt	atm_limit	NOT_DISPUTE	dataset	Qual é o máximo dinheiro posso levantar	What is the maximum money I can raise
899	response_1	pt-PT	pt	atm_limit	NOT_DISPUTE	dataset	Qual é o máximo de dinheiro que eu posso tirar da minha conta uma caixa	What is the maximum amount of money I can get out of my account
900	CAf0be9898d46c7739163733f22e6978e7_0	pt-PT	pt	atm_limit	NOT_DISPUTE	dataset	eu queria saber qual é que é Olá eu queria saber qual é que é a quantidade máxima de dinheiro que eu posso levantar eletronicamente da minha da minha conta	I wanted to know what it is Hello I wanted to know what is the maximum amount of money I can withdraw electronically from my account
901	response_13	pt-PT	pt	atm_limit	NOT_DISPUTE	dataset	Qual é o limite no caixa eletrónico aumentar o meu limite de saque no caixa eletrónico Quanto dinheiro Posso retirar	What is the ATM limit Increase my ATM withdrawal limit How much money can I withdraw
902	CAd83b414c2c99a0d75d9bd1dcc28cc06a_0	pt-PT	pt	atm_limit	NOT_DISPUTE	dataset	Olá bom dia eu queria saber qual é o limite aqui para eu poder ficar numa caixa multibanco	Hello good morning I wanted to know what the limit is here so I can stay at an ATM
903	CA882e8c0644f7f3a64b5aa2b42fb7508e_0	pt-PT	pt	atm_limit	NOT_DISPUTE	dataset	Continente quanto dinheiro posso retirar	Continent how much money can i withdraw
904	CAc799591e3e7374827e3e4d74ec98fbb2_0	pt-PT	pt	atm_limit	NOT_DISPUTE	dataset	Qual é o meu limite de levantamentos	What is my withdrawal limit
905	response_41	pt-PT	pt	atm_limit	NOT_DISPUTE	dataset	Qual o dia Qual o limite de dinheiro que eu posso levantar no multibanco e dá para aumentar esse limite	What day What is the cash limit I can withdraw at the ATM and can I increase this limit
906	response_40	pt-PT	pt	atm_limit	NOT_DISPUTE	dataset	Olá bom dia eu queria levantar dinheiro e gostaria de saber qual é o limite máximo que eu posso levantar por favor	Hello good morning i wanted to raise money and i would like to know what is the maximum limit i can raise please
907	response_43	pt-PT	pt	atm_limit	NOT_DISPUTE	dataset	Estou sim Bom dia tenho aqui uma dúvida não sei se me consegues fazer Qual é o limite máximo que eu posso levantar numa caixa multibanco	Yes I am Good morning I have a question here I don't know if you can ask me What is the maximum limit I can withdraw at an ATM
908	CA04d2aca944e40228f5a47860d41a500f_0	pt-PT	pt	atm_limit	NOT_DISPUTE	dataset	Bom dia Estou a tentar levantar dinheiro da caixa multibanco e gosto de ti do qual era a quantidade máxima permitida para levantamento	Good morning I'm trying to withdraw money from the ATM and I like you, which was the maximum amount allowed for withdrawal
909	CA44455be2ad0bb47a78af11faa64565ac_0	pt-PT	pt	atm_limit	NOT_DISPUTE	dataset	Boa tarde eu gostaria de saber quanto dinheiro é que posso recuperar a minha conta e gostaria também de saber se posso aumentar o limite desse desse dinheiro que posso tirar da conta por favor	Good afternoon I would like to know how much money I can recover my account and I would also like to know if I can increase the limit of this money that I can get out of the account please
910	CA82f8c9a27c68eba85eb2822191589dac_0	pt-PT	pt	atm_limit	NOT_DISPUTE	dataset	Gostaria de saber como sacar quanto dinheiro posso sacar no caixa eletrónico	I would like to know how to withdraw how much money I can withdraw from the ATM
911	response_37	pt-PT	pt	atm_limit	NOT_DISPUTE	dataset	Bom dia estou numa tempo para fazer um levantamento e uma dúvida relativamente Qual o valor máximo que se pode levantar diariamente isso não pode ser levantado enquanto scans	Good morning I'm in a time to make a survey and a question relatively What is the maximum amount that can be raised daily this cannot be raised while scans
912	response_23	pt-PT	pt	atm_limit	NOT_DISPUTE	dataset	Olá eu gostaria de saber o máximo de levantamento atuar por dia o cartão que tenho e a minha conta bancária portanto é que eu posso matar e também	Hello I would like to know the maximum withdrawal act per day the card I have and my bank account so I can kill and also
913	response_21	pt-PT	pt	atm_limit	NOT_DISPUTE	dataset	Qual é o limite no caixa eletrónico	What is the limit on the ATM
914	CA34c8f83200881f062b626e2e30c92c35_0	pt-PT	pt	atm_limit	NOT_DISPUTE	dataset	Qual é o alimento na caixa eletrónica não está no meu limite só que na caixa eletrónico Quanto dinheiro Posso retirar quero que tirar dinheiro do Caixa eletrônico Qual é o meu limite Quanto dinheiro Posso retirar Quanto dinheiro Posso retirar dinheiro	What is the food in the ATM is not at my limit only at the ATM How much money can I withdraw I want to take money from the ATM What is my limit How much money can I withdraw How much money Can I withdraw money
915	response_34	pt-PT	pt	atm_limit	NOT_DISPUTE	dataset	Boa tarde Qual é o valor máximo que posso levantar da caixa	Good afternoon What is the maximum amount I can withdraw from the box
916	response_18	pt-PT	pt	atm_limit	NOT_DISPUTE	dataset	quanto dinheiro posso tirar no caixa eletrónico	how much money can i take at the ATM
917	response_30	pt-PT	pt	atm_limit	NOT_DISPUTE	dataset	Qual é o livro que pode tirar	What book can you take out
918	response_24	pt-PT	pt	atm_limit	NOT_DISPUTE	dataset	eu pretendo retirar dinheiro da caixa eletrónica eu gostaria de saber qual o valor máximo que eu poderia retirar num dia obrigado	I intend to withdraw money from the ATM I would like to know the maximum amount I could withdraw in a day thanks
919	CA283a3a28bfa0f116d466682dda506326_0	pt-PT	pt	atm_limit	NOT_DISPUTE	dataset	Eu gostava de saber quanto dinheiro posso retirar da minha conta se faz favor	I would like to know how much money I can withdraw from my account please
920	response_25	pt-PT	pt	atm_limit	NOT_DISPUTE	dataset	Bom dia gostava de saber qual é a quantidade máxima de dinheiro que posso ter da e será possível aumentar obrigado	Good morning I would like to know what is the maximum amount of money I can have from and it will be possible to increase thanks
921	response_31	pt-PT	pt	atm_limit	NOT_DISPUTE	dataset	Boa tarde eu estou a ligar perceber Qual é a possibilidade de quanto dinheiro posso tirar da caixa eletrónico	Good afternoon, I’m calling to understand What’s the possibility of how much money I can get out of the ATM
922	response_19	pt-PT	pt	atm_limit	NOT_DISPUTE	dataset	Boa tarde gostaria de fazer uma transferência e gostava de saber qual é que é o limite máximo	Good afternoon I would like to make a transfer and I would like to know what is the maximum limit
923	CA9f27518b2ce8db52251b4e23fa87e549_0	pt-PT	pt	atm_limit	NOT_DISPUTE	dataset	Qual é o máximo que posso levantar por dia da minha conta	What is the maximum I can withdraw per day from my account
924	response_27	pt-PT	pt	atm_limit	NOT_DISPUTE	dataset	consegue me dizer qual é o limite de Levantamento máximo nesta caixa eletrónica se faz favor	can you tell me what the maximum withdrawal limit is on this ATM please
925	response_33	pt-PT	pt	atm_limit	NOT_DISPUTE	dataset	loja 3 saber qual é que é o máximo de dinheiro que é possível retirar e também se há uma forma de aumentar esse limite	store 3 know what is the maximum money that can be withdrawn and also if there is a way to increase this limit
926	response_26	pt-PT	pt	atm_limit	NOT_DISPUTE	dataset	Qual é o máximo dinheiro posso tirar	What is the maximum money I can get
927	response_9	pt-PT	pt	atm_limit	NOT_DISPUTE	dataset	quanto dinheiro posso levantar	how much money can i withdraw
928	response_4	pt-PT	pt	address	NOT_DISPUTE	dataset	Eu quero mudar o meu endereço	I want to change my address
929	CA6f91aa83792e208957f021ec365a69fd_0	pt-PT	pt	address	NOT_DISPUTE	dataset	Eu preciso de mudar o meu endereço	I need to change my address
930	response_5	pt-PT	pt	address	NOT_DISPUTE	dataset	Eu quero mudar o meu endereço	I want to change my address
931	response_14	pt-PT	pt	address	NOT_DISPUTE	dataset	Eu quero Jorge meu endereço	I want Jorge my address
932	response_28	pt-PT	pt	address	NOT_DISPUTE	dataset	Eu quero mudar o meu endereço	I want to change my address
933	response_15	pt-PT	pt	address	NOT_DISPUTE	dataset	Boa tarde gostaria de saber como é que posso mudar o endereço da minha conta	Good afternoon I would like to know how can I change the address of my account
934	response_2	pt-PT	pt	address	NOT_DISPUTE	dataset	Boa tarde eu estou farto bem Eu gostava muito de levar no endereço	Good afternoon I'm done well I would love to take it to the address
935	response_11	pt-PT	pt	address	NOT_DISPUTE	dataset	eu gostaria de mudar meu endereço derivado a foto tem um bocado Como posso parecer	i would like to change my derived address the photo has kinda how can i look
936	response_10	pt-PT	pt	address	NOT_DISPUTE	dataset	Olá eu queria mudar o meu endereço	Hello i wanted to change my address
937	response_38	pt-PT	pt	address	NOT_DISPUTE	dataset	Bom dia Gostaria de mudar o endereço e não estou a conseguir fazer pode me ajudar	Good morning I would like to change the address and I'm not able to do it can help me
938	response_3	pt-PT	pt	address	NOT_DISPUTE	dataset	quero mudar meu endereço	I want to change my address
939	response_12	pt-PT	pt	address	NOT_DISPUTE	dataset	Eu quero alterar o endereço	I want to change the address
940	CAe9c66a3db084987d36f9d10632defd05_6	pt-PT	pt	address	NOT_DISPUTE	dataset	Olá boa tarde eu gostava de mudar o meu próprio endereço de morada e era para saber o que é que é suposto eu fazer para conseguir mudar o meu meu meu endereço	Hello good afternoon I would like to change my own address and was to know what I am supposed to do to be able to change my my address
941	response_13	pt-PT	pt	address	NOT_DISPUTE	dataset	Eu quero mudar meu endereço	I want to change my address
942	CAcd27c13e2482e86f5ba46934c62aeef5_0	pt-PT	pt	address	NOT_DISPUTE	dataset	Bom dia o meu endereço ou está errado Eu gostava de mudar por favor estou	Good morning my address or is it wrong i would like to change please i am
943	CAdc432bbce129f82c91a0824dcdb3b9b0_0	pt-PT	pt	address	NOT_DISPUTE	dataset	Bom dia eu ia queria mudar de endereço que mudar meu endereço e se possível podia me ajudar por favor	Good morning I was going to change my address to change my address and if possible you could help me please
944	CA73fb9f3bed2c4597b3ea7646a036c5f9_0	pt-PT	pt	address	NOT_DISPUTE	dataset	Boa tarde Eu preciso de mudar uma endereço	Good afternoon I need to change an address
945	response_41	pt-PT	pt	address	NOT_DISPUTE	dataset	Bom dia eu estou a ligar para perguntar se era possível mudar a minha morada meu desse daí	Good morning I'm calling to ask if it was possible to change my address
946	response_40	pt-PT	pt	address	NOT_DISPUTE	dataset	Eu quero mudar meu endereço	I want to change my address
947	CAc67682fa5d3e2721b19a97921c0e6dc7_0	pt-PT	pt	address	NOT_DISPUTE	dataset	Bom dia eu estou longe para ligar para aqui porque eu quero mudar o meu endereço o meu endereço não não corresponde aquilo que eu quero eu quero mudar o meu endereço mais rápido possível Seria possível liga-me dar uma endereço assim por telefone	Good morning I'm away to call here because I want to change my address my address does not match what I want I want to change my address as soon as possible It would be possible to give me an address like this over the phone
948	CA01271812a8d7f657339fc3538889f5ca_0	pt-PT	pt	address	NOT_DISPUTE	dataset	Boa tarde gostava de mudar o meu endereço	Good afternoon I would like to change my address
949	response_22	pt-PT	pt	address	NOT_DISPUTE	dataset	hello I'm calling about my personal information I like to update My address	hello I'm calling about my personal information I like to update My address
950	CA595c1b542a4df56ff7307cc0ce160dae_18	pt-PT	pt	address	NOT_DISPUTE	dataset	Boa tarde Estou a tentar usar a aplicação do banco e não está a funcionar corretamente posso ter ajuda por favor	Good afternoon I am trying to use the bank application and it is not working correctly can I have help please
951	response_23	pt-PT	pt	address	NOT_DISPUTE	dataset	Olá boa tarde eu gostava de saber se é possível mudar o endereço	Hello good afternoon i would like to know if it is possible to change the address
952	response_21	pt-PT	pt	address	NOT_DISPUTE	dataset	Quero o meu endereço por favor	I want my address please
953	CA304d3937c59e9d920073ace755dc2711_0	pt-PT	pt	address	NOT_DISPUTE	dataset	morada morada Obrigado	address address Thank you
954	response_20	pt-PT	pt	address	NOT_DISPUTE	dataset	quero mudar a minha morada	I want to change my address
955	response_34	pt-PT	pt	address	NOT_DISPUTE	dataset	Eu quero mudar o meu endereço	I want to change my address
956	response_18	pt-PT	pt	address	NOT_DISPUTE	dataset	Bom dia queria mudar o meu endereço	Good morning I wanted to change my address
957	CAd6fdfb123335cacb9a702258a3344162_0	pt-PT	pt	address	NOT_DISPUTE	dataset	quero mudar a minha morada de um serviço qualquer coletividade televisão Mudei de casa que mudar morada	I want to change my address from a service to any community television I moved home to change address
958	response_30	pt-PT	pt	address	NOT_DISPUTE	dataset	Olá eu quero alterar o meu endereço por favor	Hello i want to change my address please
959	response_25	pt-PT	pt	address	NOT_DISPUTE	dataset	gostava de mudar o meu endereço	i would like to change my address
960	response_31	pt-PT	pt	address	NOT_DISPUTE	dataset	Boa tarde eu gostaria de alterar o endereço no banco O que é que é necessário para realizar essa alteração	Good afternoon I would like to change the address at the bank What is needed to make this change
961	CAa4c55126d0fd54a65704814dad783d9a_0	pt-PT	pt	address	NOT_DISPUTE	dataset	boa tarde Eu queria mudar o meu endereço a indicação que tenho aqui	good afternoon I wanted to change my address the indication I have here
962	response_19	pt-PT	pt	address	NOT_DISPUTE	dataset	Olá bom dia eu gostaria de alterar o endereço A minha morada o mais rápido possível por favor	Hello good morning I would like to change the address My address as soon as possible please
963	response_27	pt-PT	pt	address	NOT_DISPUTE	dataset	Gostava de dar um endereço	I'd like to give an address
964	response_33	pt-PT	pt	address	NOT_DISPUTE	dataset	Bom dia eu gostaria de alterar o endereço da minha conta obrigado	Good morning I would like to change my account address thanks
965	CA1ad19360087b8a4af9b513c613fa119d_0	pt-PT	pt	address	NOT_DISPUTE	dataset	Olá eu gostaria de mudar o meu endereço queria que está aqui é possível	Hello i would like to change my address wanted it is here is possible
966	response_32	pt-PT	pt	address	NOT_DISPUTE	dataset	meu endereço Eu quero mudar meu endereço	my address I want to change my address
967	response_26	pt-PT	pt	address	NOT_DISPUTE	dataset	Eu gostava de mudar o meu endereço meu interesse	I liked to change my address my interest
968	response_4	pt-PT	pt	freeze	NOT_DISPUTE	criterion	Boa tarde infelizmente Hoje perdi o meu cartão seria possível bloquear todas as transações	Good afternoon unfortunately Today I lost my card it would be possible to block all transactions
969	response_16	pt-PT	pt	freeze	NOT_DISPUTE	criterion	Bom dia estou a ligar ao banco porque perdi o meu cartão de crédito cartão de débito queria saber se me podiam a cancelar o cartão ele perdeu hoje de manhã queria que me bloqueaste em congelado e quando foi muito	Good morning, I'm calling the bank because I lost my credit card. Debit card wanted to know if they could cancel the card, he lost it this morning.
970	response_5	pt-PT	pt	freeze	NOT_DISPUTE	criterion	eu queria te contar todas as transações do meu cartão em casa	I wanted to tell you all my card transactions at home
971	CA755170872068d030fb108502a0617577_2	pt-PT	pt	freeze	NOT_DISPUTE	criterion	congelar o meu cartão a interromper todas as transações com o cartão foi roubado Então queria cancelar o cartão	freeze my card to interrupt all card transactions was stolen so i wanted to cancel the card
972	response_14	pt-PT	pt	freeze	NOT_DISPUTE	criterion	bom dia eu queria congelar o meu cartão por favor obrigada	good morning i wanted to freeze my card please thanks
973	response_28	pt-PT	pt	freeze	NOT_DISPUTE	criterion	por favor desejo congelar o meu cartão	please wish to freeze my card
974	response_29	pt-PT	pt	freeze	UNSURE	criterion	muito bom dia Eu penso que tive alguns problemas nas transações com o cartão e queria por favor que bloqueaste sem é possível	very good morning i think i had some problems with card transactions and i would like to please block it without it is possible
975	response_6	pt-PT	pt	freeze	NOT_DISPUTE	criterion	Bom dia eu não tenho qualquer interesse nesse cartão e quero clicar fazer o regulamento quero parar de interromper todas as Tentações limitações no cartão é possível	Good morning I have no interest in this card and I want to click make the regulation I want to stop interrupting all temptations Limitations on the card is possible
976	response_2	pt-PT	pt	freeze	NOT_DISPUTE	criterion	muito bom dia estou a ligar porque precisava que solicitamos que me bloqueaste o meu cartão assim que fosse possível no cartão multibanco	very good morning i am calling because i needed to request that you blocked my card as soon as possible on the ATM card
977	CA98ca9942b719ba6b401efe64ec980cf8_0	pt-PT	pt	freeze	NOT_DISPUTE	criterion	resolver cartão por favor bloqueio no cartão	resolve card please lock on the card
978	CA68ffb25799b7542f8b66cf53928694d4_3	pt-PT	pt	freeze	NOT_DISPUTE	criterion	bom eu gostaria neste momento de cancelar o meu cartão que tem com o vosso banco	well i would like at this point to cancel my card with your bank
979	response_10	pt-PT	pt	freeze	NOT_DISPUTE	criterion	por favor bloqueie o meu cartão de crédito	please block my credit card
980	response_3	pt-PT	pt	freeze	NOT_DISPUTE	criterion	estou a ligar porque queria bloquear no cartão sempre que razão é que ele foi roubado e portanto que eu bloquear porque não pudesse ser feita qualquer tipo de transação com ela	I'm calling because I wanted to block the card whenever the reason is that it was stolen and therefore that I block it because no type of transaction could be made with it
981	response_1	pt-PT	pt	freeze	NOT_DISPUTE	criterion	Boa tarde eu perdi o meu cartão de sentimentos e gostaria de saber o que preciso fazer para tirar todas as suas gravações do cartão Se faz favor	Good afternoon I lost my feelings card and I would like to know what I need to do to get all your recordings off the card.
982	response_13	pt-PT	pt	freeze	NOT_DISPUTE	criterion	Olá bom dia estou a ligar com o Diogo é uma com o meu cartão e gostaria de saber como é que posso fazer O que é que é possível de fazer para cancelar ou para congelar o meu cartão de forma não haver mais nenhum movimento em transação por favor	Hello good morning I'm calling Diogo is one with my card and I would like to know how can I do What can I do to cancel or freeze my card so that there is no more movement in transaction by favor
983	CAcec4b5f865f37d379f76258fd88d4074_0	pt-PT	pt	freeze	NOT_DISPUTE	criterion	temos competições no meu cartão ou seja bloquear o cartão congelar	we have competitions on my card ie block the card freeze
984	CA4650fa1a1d5d580974777fe4dd484b29_0	pt-PT	pt	freeze	NOT_DISPUTE	criterion	Bom dia eu desejo bloquear o meu cartão	Good morning I wish to block my card
985	CAfecc588241aac54868e52ac754d715cb_0	pt-PT	pt	freeze	NOT_DISPUTE	criterion	Olá boa tarde Estou a ligar porque queria saber como é que eu posso fazer para congelar o meu cartão no seu banco no banco é que eu estou agora que acho que é este e queria saber que eu tenho que fazer para comer consigo controlar o meu cartão	Hello good afternoon I'm calling because I wanted to know how I can do to freeze my card in your bank in the bank Is that I am now that I think this is it and I wanted to know that I have to do to eat I can control my card
986	CAe8a15d94c090800dae100ca00653bf2f_0	pt-PT	pt	freeze	NOT_DISPUTE	criterion	Boa tarde preciso de cancelar o meu cartão por favor	Good afternoon I need to cancel my card please
987	CA8a8cc3b00ca40c68f56a83cb0b0ee2e3_0	pt-PT	pt	freeze	NOT_DISPUTE	criterion	pretendo congelar o meu cartão de crédito posso fazer	i want to freeze my credit card can i do
988	CAa15d7c348a6f6f61573019ce9bd10518_0	pt-PT	pt	freeze	NOT_DISPUTE	criterion	assim eu gostava de descongelar o meu cartão e por favor e aquele para bloquear o cartão porque foi roubado e percebo que eu desativei que é para eu não perder dinheiro por favor	so I would like to unfreeze my card and please and the one to block the card because it was stolen and I realize that I disabled it so that I don't lose money please
989	CA0cec95e9cb5af98c810aa796cd72861d_0	pt-PT	pt	freeze	NOT_DISPUTE	criterion	Eu queria consultar o saldo do telemóvel	I wanted to check the phone balance
990	CAa04c89811a5cf64167772a24991c366f_2	pt-PT	pt	freeze	NOT_DISPUTE	criterion	o cenário é é congelar o cartão por exemplo interromper todas as Nações do cartão ou do roubado tens que me bloqueie ao gênero	the scenario is to freeze the card for example to interrupt all nations of the card or the stolen you have to block me to the genre
991	CAfe0e00ab028de8e859adbaa7db0bdf9c_6	pt-PT	pt	freeze	NOT_DISPUTE	criterion	eu desejo congelar o meu cartão	I wish to freeze my card
992	response_22	pt-PT	pt	freeze	NOT_DISPUTE	criterion	Olá boa tarde eu gostava de congelar desbloquear o meu cartão É que eu tenho que fazer	Hello good afternoon i would like to freeze unlock my card is that i have to do
993	response_36	pt-PT	pt	freeze	NOT_DISPUTE	criterion	congela o meu cartão por favor	freeze my card please
994	response_37	pt-PT	pt	freeze	NOT_DISPUTE	criterion	Por favor quero congelar o meu cartão	Please wanna freeze my card
995	CA31d00278161d3d1251965e76f94910e9_0	pt-PT	pt	freeze	NOT_DISPUTE	criterion	bom dia eu gostava de cancelar o meu cartão cidadão vosso Bangu	good morning i would like to cancel my citizen card your bangu
996	CA769a384d5affb5582a34622d60f40f15_0	pt-PT	pt	freeze	NOT_DISPUTE	criterion	Boa tarde eu tenho um cartão associado com a vossa empresa e pretendo deixar do deslizar seja congelar esse mesmo cartão por favor se se conseguir mais rápido possível Desativar se e bloquear esse mesmo cartão	Good afternoon I have a card associated with your company and I intend to stop the slide, freeze that same card please if you can as soon as possible Deactivate yourself and block that same card
997	response_35	pt-PT	pt	freeze	NOT_DISPUTE	criterion	Boa tarde gostaria de bloquear o meu cartão por favor	Good afternoon I would like to block my card please
998	response_20	pt-PT	pt	freeze	NOT_DISPUTE	criterion	quero cancelar o meu cartão	I want to cancel my card
999	response_34	pt-PT	pt	freeze	NOT_DISPUTE	criterion	parar todas as transferências do meu cartão	stop all transfers from my card
1000	CAfc11d1466d15f248031cceddbc9e0b46_3	pt-PT	pt	freeze	NOT_DISPUTE	criterion	Bom dia gostava de poder interromper Toda vez que mandar fotos do meu cartão multibanco um problema com o pagamento este mesmo preciso que tudo parado pronto no catálogo	Good morning I wish I could interrupt Every time I send photos of my ATM card a problem with the payment I need everything stopped ready in the catalog
1001	response_18	pt-PT	pt	freeze	NOT_DISPUTE	criterion	Bom dia Gostaria de congelar o meu cartão como é que eu faço por favor	Good morning I would like to freeze my card how do I do it please
1002	response_30	pt-PT	pt	freeze	NOT_DISPUTE	criterion	desejo congelar o meu cartão e como tal pretendo interromper todas as transações	I want to freeze my card and as such I intend to interrupt all transactions
1003	response_24	pt-PT	pt	freeze	NOT_DISPUTE	criterion	Olá bom dia eu gostaria de congelar o meu cartão interromper as transações do mesmo é possível por favor bloqueie Então meu cartão obrigada	Hello good morning i would like to freeze my card interrupt transactions it is possible please block so my card thank you
1004	response_25	pt-PT	pt	freeze	NOT_DISPUTE	criterion	Bom dia estou a ligar para para congelar o meu cartão para interromper todas as transações do meu cartão	Good morning I'm calling to freeze my card to stop all my card transactions
1005	response_31	pt-PT	pt	freeze	NOT_DISPUTE	criterion	Olá boa tarde eu gostava de arranjar o meu cartão por favor podem interromper todas as cores do meu cartão e por favor acaba de pôr bloquear no cartão	Hello good afternoon i would like to fix my card please can you interrupt all colors of my card and please just put block on the card
1006	response_19	pt-PT	pt	freeze	NOT_DISPUTE	criterion	quero congelar o meu cartão	I want to freeze my card
1007	response_8	pt-PT	pt	freeze	NOT_DISPUTE	criterion	Bom dia gostaria de cancelar o meu cartão de débito se faz favor obrigado	Good morning I would like to cancel my debit card please thank you
1008	CA7f2d27394b4c1e13a3807288d66e19f8_3	pt-PT	pt	freeze	NOT_DISPUTE	criterion	as minhas transações do cartão eu queria cancelar o meu cartão por favor eu quero cancelar o meu cartão por favor	my card transactions i wanted to cancel my card please i want to cancel my card please
1009	response_33	pt-PT	pt	freeze	NOT_DISPUTE	criterion	interromper todas as transações do meu cartão	stop all my card transactions
1010	response_32	pt-PT	pt	freeze	NOT_DISPUTE	criterion	Hello how are you Cancel my credit card	Hello how are you Cancel my credit card
1011	response_26	pt-PT	pt	freeze	NOT_DISPUTE	criterion	congelar meu cartão	freeze my card
1012	response_9	pt-PT	pt	freeze	NOT_DISPUTE	criterion	Olá boa tarde Queria convidar o meu cartão com urgência por favor	Hello good afternoon I would like to invite my card urgently please
1013	CAf4d4b70c88496e0077d3044bc2019705_0	pt-PT	pt	app_error	NOT_DISPUTE	dataset	aplicativo não carrega	application does not load
1014	response_17	pt-PT	pt	app_error	NOT_DISPUTE	dataset	Boa tarde Estava a tentar visualizar Qual era o meu saldo bancário Mas avisa que não está a carregar e eu não consigo dizer gostaria de saber qual é o problema	Good afternoon I was trying to visualize What my bank balance was But tell me it's not charging and I can't say I'd like to know what the problem is
1015	CA9354e2e10d19c0b54192af342bc3f49c_0	pt-PT	pt	app_error	NOT_DISPUTE	dataset	Olá bom dia estava a tentar aceder aqui ao aplicativo para ver o saldo da minha conta só que eu não estou a conseguir aceder poderia me ajudar por favor	Hello good morning i was trying to access the application here to see my account balance but i am not able to access could help me please
1016	response_5	pt-PT	pt	app_error	NOT_DISPUTE	dataset	Olá bom dia Estou a tentar agora vossa aplicação do banco e não estou a conseguir Gostava de saber se me podiam ajudar	Hello good morning I am trying your bank application now and I am not getting it I would like to know if you could help me
1017	response_7	pt-PT	pt	app_error	NOT_DISPUTE	dataset	aplicação não está a deixar consultar a minha conta bancária	application is not letting consult my bank account
1018	response_14	pt-PT	pt	app_error	NOT_DISPUTE	dataset	Bom dia o aplicativo do banco não está a funcionar	Good morning the bank application is not working
1019	response_28	pt-PT	pt	app_error	NOT_DISPUTE	dataset	Olá bom dia eu gostaria de saber como posso saber porque a minha avó Eu queria saber Ou até te fazer uma transferência e não está a funcionar usar	Hello good morning i would like to know how can i know why my grandmother i wanted to know or even make a transfer to you and it is not working use
1020	CA467cb135313c4efdd65dfbb8b6c46242_0	pt-PT	pt	app_error	NOT_DISPUTE	dataset	Estou sim boa tarde Olha eu estou com problema e tu levares a aplicação e ela não funciona o que é que o que é que eu falo sim	Yes, I'm good afternoon. Look, I'm in trouble and you take the application and it doesn't work. What is it? What do I say?
1021	response_15	pt-PT	pt	app_error	NOT_DISPUTE	dataset	aplicação não carrega	application does not load
1022	response_6	pt-PT	pt	app_error	NOT_DISPUTE	dataset	estou a tentar usar ela é tudo bem mas o aplicativo não carrega não carrega sozinha conta	i'm trying to use it is okay but the app doesn't load it doesn't load alone account
1023	response_2	pt-PT	pt	app_error	NOT_DISPUTE	dataset	Boa tarde eu estou a usar o aplicativo do banco e deixou de funcionar	Good afternoon I'm using the bank application and it stopped working
1024	response_11	pt-PT	pt	app_error	NOT_DISPUTE	dataset	aplicativo não carrega saldo da minha conta	application does not load my account balance
1025	CA6095cf8d67eae7fdab744345425b4cf4_3	pt-PT	pt	app_error	NOT_DISPUTE	dataset	não estou a conseguir usar o aplicativo	I am unable to use the application
1026	response_3	pt-PT	pt	app_error	NOT_DISPUTE	dataset	disco aplicativo está sendo atendido e agora não consigo acessar a minha conta	application disk is being serviced and now I can't access my account
1027	response_1	pt-PT	pt	app_error	NOT_DISPUTE	dataset	eu não consigo abrir a aplicação ela está sempre a encravar	I can't open the application it is always jamming
1028	response_12	pt-PT	pt	app_error	NOT_DISPUTE	dataset	aplicação não está a funcionar diretamente	application is not working directly
1029	response_13	pt-PT	pt	app_error	NOT_DISPUTE	dataset	estou a tentar utilizar o aplicativo do banco mas o aplicativo não carrega o saldo da minha conta	i am trying to use the bank application but the application does not load my account balance
1030	CA8c1137dbc0ee3f27731206191c2ca31a_0	pt-PT	pt	app_error	NOT_DISPUTE	dataset	aplicação não está a carregar	application is not loading
1031	CA819dbf8cf04171e2394a0952a5e1fcc7_0	pt-PT	pt	app_error	NOT_DISPUTE	dataset	estou a ter problemas com a minha conta bancária do telemóvel neste momento não consigo ver o saldo da conta	I'm having problems with my mobile bank account right now I can't see the account balance
1032	CA1be534f06853d3510fb56f71a1257598_0	pt-PT	pt	app_error	NOT_DISPUTE	dataset	Olá tudo bem A traduzir a aplicação do banco para ver os movimentos da minha conta e a aplicação não tá a funcionar não aparece nada no ecrã Podiam ajudar faz favor	Hello all right Translating the bank application to see my account movements and the application is not working nothing appears on the screen Could help please
1033	CAad3d9d4fe43de575da9bb825c4c42076_0	pt-PT	pt	app_error	NOT_DISPUTE	dataset	Bom dia eu tenho que usar o aplicativo do banco mas ele não está a funcionar ou não carrega não pesa passe nem nada bloqueia e vai abaixo	Good morning I have to use the bank application but it is not working or does not load does not weigh pass or anything blocks and goes down
1034	CAbe915c0dea1638c01382a78ed831ea69_2	pt-PT	pt	app_error	NOT_DISPUTE	dataset	Olá boa tarde estou a ligar para o banco porque aplicação do banco não está a funcionar	Hello good afternoon I'm calling the bank because the bank application is not working
1035	response_41	pt-PT	pt	app_error	NOT_DISPUTE	dataset	Olá boa tarde e gostosona vossa aplicação mas isto não está a carregar Diz que vai entrar em manutenção Não sei não está a carregar o meu saldo e fazer aqui umas gravações mas isto isto não carrega	Hello, good afternoon and hot your application but this is not loading. It says it will go into maintenance.
1036	response_40	pt-PT	pt	app_error	NOT_DISPUTE	dataset	a tentar carregar o aplicativo ele fica fica preso e não não carrega	trying to load the app it gets stuck and doesn't load
1037	response_42	pt-PT	pt	app_error	NOT_DISPUTE	dataset	Então minha aplicação Neste momento não está a funcionar bem Primeiro dizes que não carrega Depois diz que agora não posso aceder à minha conta porque alguém está a ceder e depois não tenho o meu saldo correto o que é que eu posso fazer quanto a isso	So my application is not working well at the moment First you say it doesn't load Then you say that now I can't access my account because someone is giving in and then I don't have my correct balance what can I do about it
1038	response_43	pt-PT	pt	app_error	NOT_DISPUTE	dataset	Bom dia O meu aplicativo do banco não está atualizados do mês passado	Good morning My bank application is not updated from last month
1039	response_22	pt-PT	pt	app_error	NOT_DISPUTE	dataset	o aplicativo não carrega o aplicativo não carrega o saldo da minha conta está a dizer que o aplicativo está sendo atendido e agora não consigo aceder à minha conta	the application does not load the application does not load my account balance is saying that the application is being serviced and now I cannot access my account
1040	response_36	pt-PT	pt	app_error	NOT_DISPUTE	dataset	o aplicativo não carrega	the application does not load
1041	response_37	pt-PT	pt	app_error	NOT_DISPUTE	dataset	estou a ligar porque estou com problemas no meu pedido do meu banco o aplicativo não carrega	I'm calling because I'm having problems with my bank order, the application doesn't load
1042	response_35	pt-PT	pt	app_error	NOT_DISPUTE	dataset	o aplicativo não carrega o saldo da minha conta diz que diz que a tia estaciona Atende e agora não consigo acessar a minha conta	the application does not load the balance of my account says it says that the aunt parks Answer it and now I can't access my account
1043	response_21	pt-PT	pt	app_error	NOT_DISPUTE	dataset	Bom dia aplicação não está a carregar aplicação não está a carregar e o saldo da minha conta	Good morning application is not loading application is not loading and my account balance
1044	response_34	pt-PT	pt	app_error	NOT_DISPUTE	dataset	aplicativo ficou a pensar durante muito tempo e agora não carrega saldo da minha conta	application was thinking for a long time and now does not load my account balance
1045	response_30	pt-PT	pt	app_error	NOT_DISPUTE	dataset	o aplicativo não carrega	the application does not load
1046	response_24	pt-PT	pt	app_error	NOT_DISPUTE	dataset	parece-me que estão de algum problema para aplicação de não estou a conseguir ver o meu saldo tenho tido pendente	it seems to me that there are some problems for the application of I am not able to see my balance I have had pending
1047	response_31	pt-PT	pt	app_error	NOT_DISPUTE	dataset	aplicação não está a funcionar eu abro e não carrega	application is not working I open it and it doesn't load
1048	response_19	pt-PT	pt	app_error	NOT_DISPUTE	dataset	o aplicativo não carrega	the application does not load
1049	response_8	pt-PT	pt	app_error	NOT_DISPUTE	dataset	Boa tarde eu gostaria de ter o meu aplicativo não carrega não consigo queria ser contactado por esse mesmo endereço al	Good afternoon I would like to have my application does not load I can not want to be contacted by that same address al
1050	response_27	pt-PT	pt	app_error	NOT_DISPUTE	dataset	eu estou até que um problema na aplicação Então está a ser ao saldo da minha conta mas isto não carrega Não consigo ter acesso nenhum será que para lembrar de que está a passar	I am until a problem in the application So it is being in the balance of my account but this does not load I cannot have any access to remember that it is happening
1051	response_33	pt-PT	pt	app_error	NOT_DISPUTE	dataset	Boa tarde estou a ligar É pá o aplicativo aplicação não está a funcionar telemóvel não sei o que é que se passa era para ver eu estou a precisar muito disso não consigo fazer nenhuma operação nem ver o meu saldo nada se for possível para companhia em sou eu a gente se faz favor obrigado	Good afternoon, I'm calling. Man, the application is not working. I don't know what is happening. I need to see it. I can't do any operations or see my balance at all if it's possible for the company I'm in. I, please, thank you
1052	response_32	pt-PT	pt	app_error	NOT_DISPUTE	dataset	estava aqui na aplicação não e	was here in the application not and
1053	response_26	pt-PT	pt	app_error	NOT_DISPUTE	dataset	Olá boa tarde O aplicativo não está a funcionar de forma correta não sei o que é que está a passar se me pudessem ajudar a bateria Obrigada	Hello good afternoon The application is not working properly I don't know what is going on if you could help me with the battery Thanks
1054	response_9	pt-PT	pt	app_error	NOT_DISPUTE	dataset	o aplicativo não carrega	the application does not load
1055	response_4	pt-PT	pt	pay_bill	NOT_DISPUTE	dataset	Olá boa tarde eu tenho que pagar uma conta como é que eu posso fazer	Hello good afternoon i have to pay a bill how can i do
1056	response_17	pt-PT	pt	pay_bill	NOT_DISPUTE	dataset	Bom dia tentei apagar uma conta pela Via web mas não foi possível Então Gostaria de pagar por chamada é possível	Good morning I tried to delete an account via the web but it was not possible So I would like to pay per call is possible
1057	response_16	pt-PT	pt	pay_bill	NOT_DISPUTE	dataset	Quero fazer uma conta	I want to make an account
1058	response_7	pt-PT	pt	pay_bill	NOT_DISPUTE	dataset	Bom dia a fatura do meu cartão de crédito está vencido	Good morning my credit card bill is due
1059	CA0cf29af8a29e58c6eaa4b95d325791bc_0	pt-PT	pt	pay_bill	NOT_DISPUTE	dataset	Boa tarde eu precisava de pagar uma conta Gostaria de saber como é que eu posso levar em Portimão	Good afternoon I needed to pay a bill I would like to know how I can take it in Portimão
1060	response_6	pt-PT	pt	pay_bill	NOT_DISPUTE	dataset	eu tenho que pagar uma conta para fazer não faço um pagamento a fatura do cartão de crédito estabelecida	I have to pay a bill to make a payment I do not make the credit card statement established
1061	response_2	pt-PT	pt	pay_bill	NOT_DISPUTE	dataset	a fatura do meu cartão de crédito está a acabar	my credit card bill is running out
1062	response_11	pt-PT	pt	pay_bill	NOT_DISPUTE	dataset	Desejo fazer um pagamento	I want to make a payment
1063	CA63b60068d9c1a8ef10e552ae04055597_4	pt-PT	pt	pay_bill	NOT_DISPUTE	dataset	não tem que se pagar alguma coisa Tenho um pagamento pelos para fazer ti gostaria de efetuar o pagamento	you don’t have to pay anything I have a payment for making you would like to pay
1064	response_3	pt-PT	pt	pay_bill	NOT_DISPUTE	dataset	Eu quero fazer um pagamento	I want to make a payment
1065	response_1	pt-PT	pt	pay_bill	NOT_DISPUTE	dataset	Olá boa tarde gostaria de fazer o pagamento de uma conta faz favor	Hello good afternoon I would like to pay an account please
1066	CA7de8c8d65db8a4edf0db058bad9a007c_2	pt-PT	pt	pay_bill	NOT_DISPUTE	dataset	Eu preciso de pagar uma conta e não consigo ativar o meu cartão	I need to pay a bill and I can't activate my card
1067	response_12	pt-PT	pt	pay_bill	NOT_DISPUTE	dataset	Olá boa tarde preciso de pagar uma conta faço um pagamento e a fatura do meu cartão acho que estava sensível	Hello good afternoon I need to pay an account I make a payment and my card statement I think was sensitive
1068	CAff39824e9008e836241ed95a8507bfd8_2	pt-PT	pt	pay_bill	NOT_DISPUTE	dataset	eu tenho que pagar uma conta eu tenho que pagar uma conta mas não sei a entidade e precisava que me desse intensidade	I have to pay a bill I have to pay a bill but I don't know the entity and I needed it to give me intensity
1069	CA98116098e95c50e3eb0bf9723abf601b_1	pt-PT	pt	pay_bill	NOT_DISPUTE	dataset	Boa tarde eu tenho que pagar uma conta	Good afternoon I have to pay a bill
1070	CA5dcf46586d934202ca7e34c80fdb0f91_0	pt-PT	pt	pay_bill	NOT_DISPUTE	dataset	Eu queria fazer um pagamento se possível e não sei	I wanted to make a payment if possible and I don't know
1071	CAe35141da806c89251345bf01532bc1e2_0	pt-PT	pt	pay_bill	NOT_DISPUTE	dataset	olá deixa efetuar o pagamento de uma conta como tenho que proceder	hello lets make the payment of an account as I have to proceed
1072	CA3d0f4920536fa10f79296ee5284b40d0_2	pt-PT	pt	pay_bill	NOT_DISPUTE	dataset	quero pagar uma conta	I want to pay a bill
1073	CAa01550cf9a6d955fe11daf9df73c8dfa_0	pt-PT	pt	pay_bill	NOT_DISPUTE	dataset	Olá boa tarde eu gostaria de pagar uma taxa de anual de banco da minha conta bancária e não estou a conseguir fazê-lo através da internet Podia por favor dizer-me como é que eu percebo através do WhatsApp ou se não tenho de dirigir a um posto físico	Hello good afternoon i would like to pay an annual bank fee from my bank account and i am not able to do it over the internet could you please tell me how i understand via whatsapp or if i don't have to drive to one physical post
1074	CA6c8701413672632969920af16e726085_0	pt-PT	pt	pay_bill	NOT_DISPUTE	dataset	eu tenho aqui uma fatura do cartão crédito ensino e precisava de fazer um pagamento a conta para pagar	I have a teaching credit card bill here and needed to make a bill payment to pay
1075	CAe58ebe4ebf26172e71022f544f95ce03_2	pt-PT	pt	pay_bill	NOT_DISPUTE	dataset	eu tenho que pagar uma conta	I have to pay a bill
1076	CAe0cb42af73c6f3d361c9f2b3b072ee53_0	pt-PT	pt	pay_bill	NOT_DISPUTE	dataset	eu tenho que pagar alguma conta	I have to pay some bill
1077	response_23	pt-PT	pt	pay_bill	NOT_DISPUTE	dataset	muito bom dia Eu quero pagar uma conta eu tenho que pagar uma conta mas preciso que preciso fazer um pagamento e só todo o meu cartão de crédito vencido foram todas sem gastar muito obrigado	very good morning i want to pay a bill i have to pay a bill but i need to make a payment and all my credit card expired were all without spending thank you
1078	response_21	pt-PT	pt	pay_bill	NOT_DISPUTE	dataset	quero pagar uma conta	I want to pay a bill
1079	CAd372fb1d109acd82ed20836c5f14beeb_0	pt-PT	pt	pay_bill	NOT_DISPUTE	dataset	eu tenho que pagar uma conta faça um pagamento a fatura do meu cartão de crédito estágio em seguida você quer pagar uma conta do meu cartão de crédito	i have to pay an account make a payment my credit card bill stage then you want to pay my credit card bill
1080	response_20	pt-PT	pt	pay_bill	NOT_DISPUTE	dataset	Alguém tem que pagar uma conta e essa pessoa quer fazer um pagamento no entanto a fatura diz que o meu cartão está vencido	Someone has to pay a bill and that person wants to make a payment however the invoice says my card is due
1081	CA2cdf45a7f00e7759b3c440a19a131914_1	pt-PT	pt	pay_bill	NOT_DISPUTE	dataset	eu tenho que pagar uma conta faz-me um pagamento efetuado no meu cartão de crédito vencido	i have to pay a bill make me a payment made on my overdue credit card
1082	response_18	pt-PT	pt	pay_bill	NOT_DISPUTE	dataset	Alguém tem que pagar uma conta e a máquina pede para fazer um pagamento no entanto aparece que a fatura do cartão essa pessoa está a sentir	Someone has to pay a bill and the machine asks to make a payment however it appears that the card bill that person is feeling
1083	response_24	pt-PT	pt	pay_bill	NOT_DISPUTE	dataset	Bom dia eu estou aqui a tentar pagar uma conta da luz e diz aqui que a fatura do meu cartão de crédito está vencida Mas eu acho que isso não deve estar correto já conseguiu me ajudar	Good morning I'm here trying to pay a utility bill and it says here that my credit card bill is overdue But I think that this must not be correct already managed to help me
1084	response_25	pt-PT	pt	pay_bill	NOT_DISPUTE	dataset	Olá preciso fazer um pagamento online a estou a tentar inserir aqui os dados começou disponibilizados para o pagamento online de contas mas não estou Não estou a conseguir a fatura do cartão não está não está disponível Estou com um problema preciso fazer um pagamento e é para saber se me consegue ajudar	Hello I need to make an online payment and I'm trying to insert the data here it started to be available for online bill payment but I'm not if you can help me
1085	response_31	pt-PT	pt	pay_bill	NOT_DISPUTE	dataset	Bom dia quero fazer o pagamento de uma conta com o cartão de crédito	Good morning I want to pay a bill with a credit card
1086	response_8	pt-PT	pt	pay_bill	NOT_DISPUTE	dataset	Olá bom dia olha o seguinte Eu estou aqui com um problema porque eu precisava de pagar uma conta de fazer um pagamento só que não estou a conseguir Gostava de ter alguma ajuda	Hello good morning look at the following I'm here with a problem because I needed to pay a bill to make a payment but I'm not getting it I would like to have some help
1087	CA94823c5ae171b3a62a8cacdb0e32ec7c_0	pt-PT	pt	pay_bill	NOT_DISPUTE	dataset	Eu gostava de pagar uma conta tenho aqui uma conta no banco para pagar se é possível ser feito aqui por este Internet Banking sozinho	I would like to pay an account I have a bank account here to pay if it is possible to be done here by this Internet Banking alone
1088	response_32	pt-PT	pt	pay_bill	NOT_DISPUTE	dataset	Bom dia gostava de fazer o pagamento por favor	Good morning I would like to make the payment please
1089	response_9	pt-PT	pt	pay_bill	NOT_DISPUTE	dataset	Bom dia quero pagar uma conta	Good morning I want to pay a bill
